C-H,C-H.1,C-H.2,H-H,H-H.1,H-H.2,N-H,N-H.1,N-H.2,N-N,N-O,O-C,O-H,O-H.1,O-O,C,H,H.1,H.2,N,N.1,O,O.1,f_0,f_1,Ead
0.0,0.0,0.0,0.0,0.0,0.0,0.0,0.0,0.0,0.0,0.0,0.0,0.0,0.0,0.0,0.0,0.5,0.0,0.0,0.0,0.0,0.0,0.0,3.8505174185562967,1.3445749808836283,2.7577697787
0.0,0.0,0.0,0.0,0.0,0.0,0.0,0.0,0.0,0.0,0.0,0.0,0.0,0.0,0.0,0.0,0.0,0.0,0.0,0.0,0.0,73.51669471981023,0.0,3.8505174185562967,1.3445749808836283,4.4194963213000005
0.0,0.0,0.0,0.0,0.0,0.0,0.0,0.0,0.0,0.0,0.0,0.0,8.171019436812482,0.0,0.0,0.0,0.5,0.0,0.0,0.0,0.0,73.51669471981023,0.0,3.8505174185562967,1.3445749808836283,1.9011123446
0.0,0.0,0.0,0.6551027921791205,0.0,0.0,0.0,0.0,0.0,0.0,0.0,0.0,8.25964168554262,8.25964168554262,0.0,0.0,0.5,0.5,0.0,0.0,0.0,73.51669471981023,0.0,3.8505174185562967,1.3445749808836283,0.18943443200000004
0.0,0.0,0.0,0.0,0.0,0.0,0.0,0.0,0.0,0.0,0.0,41.72679381748005,0.0,0.0,0.0,36.858105199425935,0.0,0.0,0.0,0.0,0.0,73.51669471981023,0.0,3.8505174185562967,1.3445749808836283,1.6436699457
5.354656766501272,0.0,0.0,0.0,0.0,0.0,0.0,0.0,0.0,0.0,0.0,0.0,0.0,0.0,0.0,36.858105199425935,0.5,0.0,0.0,0.0,0.0,0.0,0.0,3.8505174185562967,1.3445749808836283,5.8601989231
5.836293438076023,5.836293438076023,0.0,0.6200073904880946,0.0,0.0,0.0,0.0,0.0,0.0,0.0,0.0,0.0,0.0,0.0,36.858105199425935,0.5,0.5,0.0,0.0,0.0,0.0,0.0,3.8505174185562967,1.3445749808836283,4.089668603500002
5.563746626978609,5.563748663029517,5.563748663029517,0.5353718341045013,0.5353718341045013,0.5353720300236634,0.0,0.0,0.0,0.0,0.0,0.0,0.0,0.0,0.0,36.858105199425935,0.5,0.5,0.5,0.0,0.0,0.0,0.0,3.8505174185562967,1.3445749808836283,2.0565197216
0.0,0.0,0.0,0.0,0.0,0.0,0.0,0.0,0.0,0.0,49.00660976649229,0.0,0.0,0.0,0.0,0.0,0.0,0.0,0.0,53.3587073998281,0.0,73.51669471981023,0.0,3.8505174185562967,1.3445749808836283,3.3538194607
0.0,0.0,0.0,0.0,0.0,0.0,6.734460233012316,0.0,0.0,0.0,0.0,0.0,0.0,0.0,0.0,0.0,0.5,0.0,0.0,53.3587073998281,0.0,0.0,0.0,3.8505174185562967,1.3445749808836283,3.6837359589
0.0,0.0,0.0,0.6200073904880942,0.0,0.0,6.809009011088692,6.809009011088692,0.0,0.0,0.0,0.0,0.0,0.0,0.0,0.0,0.5,0.5,0.0,53.3587073998281,0.0,0.0,0.0,3.8505174185562967,1.3445749808836283,1.8481243985
0.0,0.0,0.0,0.6143783788865097,0.6143783788865097,0.6143781694233812,6.884387409288981,6.884388533221433,6.884388533221433,0.0,0.0,0.0,0.0,0.0,0.0,0.0,0.5,0.5,0.5,53.3587073998281,0.0,0.0,0.0,3.8505174185562967,1.3445749808836283,-0.4695734089
0.0,0.0,0.0,0.0,0.0,0.0,0.0,0.0,0.0,0.0,0.0,0.0,0.0,0.0,0.0,0.0,0.5,0.0,0.0,0.0,0.0,0.0,0.0,-7.83471955864074,0.127990331726543,-0.11013918789999999
0.0,0.0,0.0,0.0,0.0,0.0,0.0,0.0,0.0,0.0,0.0,0.0,8.171019436812482,0.0,0.0,0.0,0.5,0.0,0.0,0.0,0.0,73.51669471981023,0.0,-7.83471955864074,0.127990331726543,-1.5349919906
0.0,0.0,0.0,0.6551027921791205,0.0,0.0,0.0,0.0,0.0,0.0,0.0,0.0,8.25964168554262,8.25964168554262,0.0,0.0,0.5,0.5,0.0,0.0,0.0,73.51669471981023,0.0,-7.83471955864074,0.127990331726543,0.05808706609999997
0.0,0.0,0.0,0.0,0.0,0.0,0.0,0.0,0.0,0.0,0.0,0.0,0.0,0.0,0.0,36.858105199425935,0.0,0.0,0.0,0.0,0.0,0.0,0.0,-7.83471955864074,0.127990331726543,5.381489570399999
0.0,0.0,0.0,0.0,0.0,0.0,0.0,0.0,0.0,0.0,0.0,41.72679381748005,0.0,0.0,0.0,36.858105199425935,0.0,0.0,0.0,0.0,0.0,73.51669471981023,0.0,-7.83471955864074,0.127990331726543,1.4671998792000005
5.354656766501272,0.0,0.0,0.0,0.0,0.0,0.0,0.0,0.0,0.0,0.0,0.0,0.0,0.0,0.0,36.858105199425935,0.5,0.0,0.0,0.0,0.0,0.0,0.0,-7.83471955864074,0.127990331726543,3.131994925
5.836293438076023,5.836293438076023,0.0,0.6200073904880946,0.0,0.0,0.0,0.0,0.0,0.0,0.0,0.0,0.0,0.0,0.0,36.858105199425935,0.5,0.5,0.0,0.0,0.0,0.0,0.0,-7.83471955864074,0.127990331726543,1.8924770525
5.563746626978609,5.563748663029517,5.563748663029517,0.5353718341045013,0.5353718341045013,0.5353720300236634,0.0,0.0,0.0,0.0,0.0,0.0,0.0,0.0,0.0,36.858105199425935,0.5,0.5,0.5,0.0,0.0,0.0,0.0,-7.83471955864074,0.127990331726543,0.6690673406000001
0.0,0.0,0.0,0.0,0.0,0.0,0.0,0.0,0.0,0.0,0.0,0.0,0.0,0.0,0.0,0.0,0.0,0.0,0.0,53.3587073998281,0.0,0.0,0.0,-7.83471955864074,0.127990331726543,2.0500070477000003
0.0,0.0,0.0,0.0,0.0,0.0,0.0,0.0,0.0,0.0,49.00660976649229,0.0,0.0,0.0,0.0,0.0,0.0,0.0,0.0,53.3587073998281,0.0,73.51669471981023,0.0,-7.83471955864074,0.127990331726543,2.4294009038
0.0,0.0,0.0,0.0,0.0,0.0,6.734460233012316,0.0,0.0,0.0,0.0,0.0,0.0,0.0,0.0,0.0,0.5,0.0,0.0,53.3587073998281,0.0,0.0,0.0,-7.83471955864074,0.127990331726543,-0.8500463442000001
0.0,0.0,0.0,0.6200073904880942,0.0,0.0,6.809009011088692,6.809009011088692,0.0,0.0,0.0,0.0,0.0,0.0,0.0,0.0,0.5,0.5,0.0,53.3587073998281,0.0,0.0,0.0,-7.83471955864074,0.127990331726543,-0.2019045012000001
0.0,0.0,0.0,0.6143783788865097,0.6143783788865097,0.6143781694233812,6.884387409288981,6.884388533221433,6.884388533221433,0.0,0.0,0.0,0.0,0.0,0.0,0.0,0.5,0.5,0.5,53.3587073998281,0.0,0.0,0.0,-7.83471955864074,0.127990331726543,-0.4081496194
0.0,0.0,0.0,0.0,0.0,0.0,0.0,0.0,0.0,0.0,0.0,0.0,0.0,0.0,0.0,0.0,0.5,0.0,0.0,0.0,0.0,0.0,0.0,1.3683813492251518,-2.9153543214937576,1.1494920997
0.0,0.0,0.0,0.0,0.0,0.0,0.0,0.0,0.0,0.0,0.0,0.0,8.171019436812482,0.0,0.0,0.0,0.5,0.0,0.0,0.0,0.0,73.51669471981023,0.0,1.3683813492251518,-2.9153543214937576,0.1084579666
0.0,0.0,0.0,0.6551027921791205,0.0,0.0,0.0,0.0,0.0,0.0,0.0,0.0,8.25964168554262,8.25964168554262,0.0,0.0,0.5,0.5,0.0,0.0,0.0,73.51669471981023,0.0,1.3683813492251518,-2.9153543214937576,0.41821282909999996
0.0,0.0,0.0,0.0,0.0,0.0,0.0,0.0,0.0,0.0,0.0,41.72679381748005,0.0,0.0,0.0,36.858105199425935,0.0,0.0,0.0,0.0,0.0,73.51669471981023,0.0,1.3683813492251518,-2.9153543214937576,1.846332546
5.354656766501272,0.0,0.0,0.0,0.0,0.0,0.0,0.0,0.0,0.0,0.0,0.0,0.0,0.0,0.0,36.858105199425935,0.5,0.0,0.0,0.0,0.0,0.0,0.0,1.3683813492251518,-2.9153543214937576,4.499552352799999
5.836293438076023,5.836293438076023,0.0,0.6200073904880946,0.0,0.0,0.0,0.0,0.0,0.0,0.0,0.0,0.0,0.0,0.0,36.858105199425935,0.5,0.5,0.0,0.0,0.0,0.0,0.0,1.3683813492251518,-2.9153543214937576,2.9116951938
5.563746626978609,5.563748663029517,5.563748663029517,0.5353718341045013,0.5353718341045013,0.5353720300236634,0.0,0.0,0.0,0.0,0.0,0.0,0.0,0.0,0.0,36.858105199425935,0.5,0.5,0.5,0.0,0.0,0.0,0.0,1.3683813492251518,-2.9153543214937576,1.4326985765000002
0.0,0.0,0.0,0.0,0.0,0.0,0.0,0.0,0.0,0.0,0.0,0.0,0.0,0.0,0.0,0.0,0.0,0.0,0.0,53.3587073998281,0.0,0.0,0.0,1.3683813492251518,-2.9153543214937576,4.1121554374
0.0,0.0,0.0,0.0,0.0,0.0,0.0,0.0,0.0,0.0,49.00660976649229,0.0,0.0,0.0,0.0,0.0,0.0,0.0,0.0,53.3587073998281,0.0,73.51669471981023,0.0,1.3683813492251518,-2.9153543214937576,3.2305312392000003
0.0,0.0,0.0,0.0,0.0,0.0,6.734460233012316,0.0,0.0,0.0,0.0,0.0,0.0,0.0,0.0,0.0,0.5,0.0,0.0,53.3587073998281,0.0,0.0,0.0,1.3683813492251518,-2.9153543214937576,1.5633254403
0.0,0.0,0.0,0.6200073904880942,0.0,0.0,6.809009011088692,6.809009011088692,0.0,0.0,0.0,0.0,0.0,0.0,0.0,0.0,0.5,0.5,0.0,53.3587073998281,0.0,0.0,0.0,1.3683813492251518,-2.9153543214937576,0.42201511909999995
0.0,0.0,0.0,0.6143783788865097,0.6143783788865097,0.6143781694233812,6.884387409288981,6.884388533221433,6.884388533221433,0.0,0.0,0.0,0.0,0.0,0.0,0.0,0.5,0.5,0.5,53.3587073998281,0.0,0.0,0.0,1.3683813492251518,-2.9153543214937576,0.1546538098
0.0,0.0,0.0,0.0,0.0,0.0,0.0,0.0,0.0,0.0,0.0,0.0,0.0,0.0,0.0,0.0,0.5,0.0,0.0,0.0,0.0,0.0,0.0,1.402909116698999,-2.7318394466547598,1.0398355639
0.0,0.0,0.0,0.0,0.0,0.0,0.0,0.0,0.0,0.0,0.0,0.0,0.0,0.0,0.0,0.0,0.0,0.0,0.0,0.0,0.0,73.51669471981023,0.0,1.402909116698999,-2.7318394466547598,2.1046538734
0.0,0.0,0.0,0.0,0.0,0.0,0.0,0.0,0.0,0.0,0.0,0.0,8.171019436812482,0.0,0.0,0.0,0.5,0.0,0.0,0.0,0.0,73.51669471981023,0.0,1.402909116698999,-2.7318394466547598,0.1111328292
0.0,0.0,0.0,0.6551027921791205,0.0,0.0,0.0,0.0,0.0,0.0,0.0,0.0,8.25964168554262,8.25964168554262,0.0,0.0,0.5,0.5,0.0,0.0,0.0,73.51669471981023,0.0,1.402909116698999,-2.7318394466547598,0.3859415291000001
0.0,0.0,0.0,0.0,0.0,0.0,0.0,0.0,0.0,0.0,0.0,41.72679381748005,0.0,0.0,0.0,36.858105199425935,0.0,0.0,0.0,0.0,0.0,73.51669471981023,0.0,1.402909116698999,-2.7318394466547598,1.797001673
5.354656766501272,0.0,0.0,0.0,0.0,0.0,0.0,0.0,0.0,0.0,0.0,0.0,0.0,0.0,0.0,36.858105199425935,0.5,0.0,0.0,0.0,0.0,0.0,0.0,1.402909116698999,-2.7318394466547598,4.665076718
5.836293438076023,5.836293438076023,0.0,0.6200073904880946,0.0,0.0,0.0,0.0,0.0,0.0,0.0,0.0,0.0,0.0,0.0,36.858105199425935,0.5,0.5,0.0,0.0,0.0,0.0,0.0,1.402909116698999,-2.7318394466547598,3.0347178781000004
0.0,0.0,0.0,0.0,0.0,0.0,0.0,0.0,0.0,0.0,49.00660976649229,0.0,0.0,0.0,0.0,0.0,0.0,0.0,0.0,53.3587073998281,0.0,73.51669471981023,0.0,1.402909116698999,-2.7318394466547598,3.1372115773
0.0,0.0,0.0,0.0,0.0,0.0,6.734460233012316,0.0,0.0,0.0,0.0,0.0,0.0,0.0,0.0,0.0,0.5,0.0,0.0,53.3587073998281,0.0,0.0,0.0,1.402909116698999,-2.7318394466547598,2.5638472776000003
0.0,0.0,0.0,0.6200073904880942,0.0,0.0,6.809009011088692,6.809009011088692,0.0,0.0,0.0,0.0,0.0,0.0,0.0,0.0,0.5,0.5,0.0,53.3587073998281,0.0,0.0,0.0,1.402909116698999,-2.7318394466547598,0.5851249984
0.0,0.0,0.0,0.6143783788865097,0.6143783788865097,0.6143781694233812,6.884387409288981,6.884388533221433,6.884388533221433,0.0,0.0,0.0,0.0,0.0,0.0,0.0,0.5,0.5,0.5,53.3587073998281,0.0,0.0,0.0,1.402909116698999,-2.7318394466547598,0.04415448430000002
0.0,0.0,0.0,0.6551027921791205,0.0,0.0,0.0,0.0,0.0,0.0,0.0,0.0,8.25964168554262,8.25964168554262,0.0,0.0,0.5,0.5,0.0,0.0,0.0,73.51669471981023,0.0,1.1996331849688107,-2.8196725782651937,0.5507206826000001
0.0,0.0,0.0,0.0,0.0,0.0,0.0,0.0,0.0,0.0,0.0,41.72679381748005,0.0,0.0,0.0,36.858105199425935,0.0,0.0,0.0,0.0,0.0,73.51669471981023,0.0,1.1996331849688107,-2.8196725782651937,1.7650793039
5.354656766501272,0.0,0.0,0.0,0.0,0.0,0.0,0.0,0.0,0.0,0.0,0.0,0.0,0.0,0.0,36.858105199425935,0.5,0.0,0.0,0.0,0.0,0.0,0.0,1.1996331849688107,-2.8196725782651937,4.634588117300001
5.836293438076023,5.836293438076023,0.0,0.6200073904880946,0.0,0.0,0.0,0.0,0.0,0.0,0.0,0.0,0.0,0.0,0.0,36.858105199425935,0.5,0.5,0.0,0.0,0.0,0.0,0.0,1.1996331849688107,-2.8196725782651937,2.9938217348
5.563746626978609,5.563748663029517,5.563748663029517,0.5353718341045013,0.5353718341045013,0.5353720300236634,0.0,0.0,0.0,0.0,0.0,0.0,0.0,0.0,0.0,36.858105199425935,0.5,0.5,0.5,0.0,0.0,0.0,0.0,1.1996331849688107,-2.8196725782651937,1.3278333638000002
0.0,0.0,0.0,0.0,0.0,0.0,0.0,0.0,0.0,0.0,0.0,0.0,0.0,0.0,0.0,0.0,0.0,0.0,0.0,53.3587073998281,0.0,0.0,0.0,1.1996331849688107,-2.8196725782651937,5.2913244721
0.0,0.0,0.0,0.0,0.0,0.0,6.734460233012316,0.0,0.0,0.0,0.0,0.0,0.0,0.0,0.0,0.0,0.5,0.0,0.0,53.3587073998281,0.0,0.0,0.0,1.1996331849688107,-2.8196725782651937,2.6219359891000003
0.0,0.0,0.0,0.0,0.0,0.0,0.0,0.0,0.0,0.0,49.00660976649229,0.0,0.0,0.0,0.0,0.0,0.0,0.0,0.0,53.3587073998281,0.0,73.51669471981023,0.0,1.1996331849688107,-2.8196725782651937,3.1125215891000004
0.0,0.0,0.0,0.6200073904880942,0.0,0.0,6.809009011088692,6.809009011088692,0.0,0.0,0.0,0.0,0.0,0.0,0.0,0.0,0.5,0.5,0.0,53.3587073998281,0.0,0.0,0.0,1.1996331849688107,-2.8196725782651937,0.516547246
0.0,0.0,0.0,0.6143783788865097,0.6143783788865097,0.6143781694233812,6.884387409288981,6.884388533221433,6.884388533221433,0.0,0.0,0.0,0.0,0.0,0.0,0.0,0.5,0.5,0.5,53.3587073998281,0.0,0.0,0.0,1.1996331849688107,-2.8196725782651937,-0.11340181220000012
0.0,0.0,0.0,0.6551027921791205,0.0,0.0,0.0,0.0,0.0,0.0,0.0,0.0,8.25964168554262,8.25964168554262,0.0,0.0,0.5,0.5,0.0,0.0,0.0,73.51669471981023,0.0,1.1996331849688107,-2.8196725782651937,0.5507206826000001
0.0,0.0,0.0,0.0,0.0,0.0,0.0,0.0,0.0,0.0,0.0,0.0,0.0,0.0,0.0,0.0,0.5,0.0,0.0,0.0,0.0,0.0,0.0,1.5392706474536806,-2.5461860396541325,1.134570679
0.0,0.0,0.0,0.0,0.0,0.0,0.0,0.0,0.0,0.0,0.0,0.0,0.0,0.0,0.0,0.0,0.0,0.0,0.0,0.0,0.0,73.51669471981023,0.0,1.5392706474536806,-2.5461860396541325,1.6142793444999999
0.0,0.0,0.0,0.0,0.0,0.0,0.0,0.0,0.0,0.0,0.0,0.0,8.171019436812482,0.0,0.0,0.0,0.5,0.0,0.0,0.0,0.0,73.51669471981023,0.0,1.5392706474536806,-2.5461860396541325,-0.05909771929999999
0.0,0.0,0.0,0.6551027921791205,0.0,0.0,0.0,0.0,0.0,0.0,0.0,0.0,8.25964168554262,8.25964168554262,0.0,0.0,0.5,0.5,0.0,0.0,0.0,73.51669471981023,0.0,1.5392706474536806,-2.5461860396541325,0.24314727890000004
0.0,0.0,0.0,0.0,0.0,0.0,0.0,0.0,0.0,0.0,0.0,41.72679381748005,0.0,0.0,0.0,36.858105199425935,0.0,0.0,0.0,0.0,0.0,73.51669471981023,0.0,1.5392706474536806,-2.5461860396541325,1.708833076
5.354656766501272,0.0,0.0,0.0,0.0,0.0,0.0,0.0,0.0,0.0,0.0,0.0,0.0,0.0,0.0,36.858105199425935,0.5,0.0,0.0,0.0,0.0,0.0,0.0,1.5392706474536806,-2.5461860396541325,4.673097277
5.836293438076023,5.836293438076023,0.0,0.6200073904880946,0.0,0.0,0.0,0.0,0.0,0.0,0.0,0.0,0.0,0.0,0.0,36.858105199425935,0.5,0.5,0.0,0.0,0.0,0.0,0.0,1.5392706474536806,-2.5461860396541325,3.0401458714
0.0,0.0,0.0,0.0,0.0,0.0,0.0,0.0,0.0,0.0,49.00660976649229,0.0,0.0,0.0,0.0,0.0,0.0,0.0,0.0,53.3587073998281,0.0,73.51669471981023,0.0,1.5392706474536806,-2.5461860396541325,3.1374675005
0.0,0.0,0.0,0.0,0.0,0.0,6.734460233012316,0.0,0.0,0.0,0.0,0.0,0.0,0.0,0.0,0.0,0.5,0.0,0.0,53.3587073998281,0.0,0.0,0.0,1.5392706474536806,-2.5461860396541325,2.4865912668000005
0.0,0.0,0.0,0.6200073904880942,0.0,0.0,6.809009011088692,6.809009011088692,0.0,0.0,0.0,0.0,0.0,0.0,0.0,0.0,0.5,0.5,0.0,53.3587073998281,0.0,0.0,0.0,1.5392706474536806,-2.5461860396541325,0.5537474014
0.0,0.0,0.0,0.6143783788865097,0.6143783788865097,0.6143781694233812,6.884387409288981,6.884388533221433,6.884388533221433,0.0,0.0,0.0,0.0,0.0,0.0,0.0,0.5,0.5,0.5,53.3587073998281,0.0,0.0,0.0,1.5392706474536806,-2.5461860396541325,-0.2699115584999999
0.0,0.0,0.0,0.6551027921791205,0.0,0.0,0.0,0.0,0.0,0.0,0.0,0.0,8.25964168554262,8.25964168554262,0.0,0.0,0.5,0.5,0.0,0.0,0.0,73.51669471981023,0.0,6.648068066863907,1.7323667195057422,0.5127214645000001
0.0,0.0,0.0,0.0,0.0,0.0,0.0,0.0,0.0,0.0,0.0,41.72679381748005,0.0,0.0,0.0,36.858105199425935,0.0,0.0,0.0,0.0,0.0,73.51669471981023,0.0,6.648068066863907,1.7323667195057422,1.7318502436000005
5.354656766501272,0.0,0.0,0.0,0.0,0.0,0.0,0.0,0.0,0.0,0.0,0.0,0.0,0.0,0.0,36.858105199425935,0.5,0.0,0.0,0.0,0.0,0.0,0.0,6.648068066863907,1.7323667195057422,5.6352152359000005
5.836293438076023,5.836293438076023,0.0,0.6200073904880946,0.0,0.0,0.0,0.0,0.0,0.0,0.0,0.0,0.0,0.0,0.0,36.858105199425935,0.5,0.5,0.0,0.0,0.0,0.0,0.0,6.648068066863907,1.7323667195057422,4.441053307400001
0.0,0.0,0.0,0.6200073904880942,0.0,0.0,6.809009011088692,6.809009011088692,0.0,0.0,0.0,0.0,0.0,0.0,0.0,0.0,0.5,0.5,0.0,53.3587073998281,0.0,0.0,0.0,6.648068066863907,1.7323667195057422,2.172982345
0.0,0.0,0.0,0.6143783788865097,0.6143783788865097,0.6143781694233812,6.884387409288981,6.884388533221433,6.884388533221433,0.0,0.0,0.0,0.0,0.0,0.0,0.0,0.5,0.5,0.5,53.3587073998281,0.0,0.0,0.0,6.648068066863907,1.7323667195057422,-0.20691772070000009
0.0,0.0,0.0,0.0,0.0,0.0,0.0,0.0,0.0,0.0,0.0,0.0,0.0,0.0,0.0,0.0,0.0,0.0,0.0,0.0,0.0,73.51669471981023,0.0,6.153654277679409,2.029783688811022,4.1389103639
0.0,0.0,0.0,0.0,0.0,0.0,0.0,0.0,0.0,0.0,0.0,0.0,8.171019436812482,0.0,0.0,0.0,0.5,0.0,0.0,0.0,0.0,73.51669471981023,0.0,6.153654277679409,2.029783688811022,2.3770153087
0.0,0.0,0.0,0.6551027921791205,0.0,0.0,0.0,0.0,0.0,0.0,0.0,0.0,8.25964168554262,8.25964168554262,0.0,0.0,0.5,0.5,0.0,0.0,0.0,73.51669471981023,0.0,6.153654277679409,2.029783688811022,0.22508394600000006
5.354656766501272,0.0,0.0,0.0,0.0,0.0,0.0,0.0,0.0,0.0,0.0,0.0,0.0,0.0,0.0,36.858105199425935,0.5,0.0,0.0,0.0,0.0,0.0,0.0,6.153654277679409,2.029783688811022,6.211583627
5.836293438076023,5.836293438076023,0.0,0.6200073904880946,0.0,0.0,0.0,0.0,0.0,0.0,0.0,0.0,0.0,0.0,0.0,36.858105199425935,0.5,0.5,0.0,0.0,0.0,0.0,0.0,6.153654277679409,2.029783688811022,3.9901161189000023
0.0,0.0,0.0,0.0,0.0,0.0,0.0,0.0,0.0,0.0,49.00660976649229,0.0,0.0,0.0,0.0,0.0,0.0,0.0,0.0,53.3587073998281,0.0,73.51669471981023,0.0,6.153654277679409,2.029783688811022,3.5497247777999994
0.0,0.0,0.0,0.0,0.0,0.0,6.734460233012316,0.0,0.0,0.0,0.0,0.0,0.0,0.0,0.0,0.0,0.5,0.0,0.0,53.3587073998281,0.0,0.0,0.0,6.153654277679409,2.029783688811022,4.0740981306
0.0,0.0,0.0,0.6200073904880942,0.0,0.0,6.809009011088692,6.809009011088692,0.0,0.0,0.0,0.0,0.0,0.0,0.0,0.0,0.5,0.5,0.0,53.3587073998281,0.0,0.0,0.0,6.153654277679409,2.029783688811022,1.5676902807
0.0,0.0,0.0,0.0,0.0,0.0,0.0,0.0,0.0,0.0,0.0,0.0,0.0,0.0,0.0,0.0,0.0,0.0,0.0,0.0,0.0,73.51669471981023,0.0,3.591298867584471,1.0220358398628762,4.340524359900002
0.0,0.0,0.0,0.0,0.0,0.0,0.0,0.0,0.0,0.0,0.0,0.0,8.171019436812482,0.0,0.0,0.0,0.5,0.0,0.0,0.0,0.0,73.51669471981023,0.0,3.591298867584471,1.0220358398628762,2.0404978232
0.0,0.0,0.0,0.6551027921791205,0.0,0.0,0.0,0.0,0.0,0.0,0.0,0.0,8.25964168554262,8.25964168554262,0.0,0.0,0.5,0.5,0.0,0.0,0.0,73.51669471981023,0.0,3.591298867584471,1.0220358398628762,0.6879987747
0.0,0.0,0.0,0.0,0.0,0.0,0.0,0.0,0.0,0.0,0.0,41.72679381748005,0.0,0.0,0.0,36.858105199425935,0.0,0.0,0.0,0.0,0.0,73.51669471981023,0.0,3.591298867584471,1.0220358398628762,1.8511923521
5.354656766501272,0.0,0.0,0.0,0.0,0.0,0.0,0.0,0.0,0.0,0.0,0.0,0.0,0.0,0.0,36.858105199425935,0.5,0.0,0.0,0.0,0.0,0.0,0.0,3.591298867584471,1.0220358398628762,5.9483792210000015
0.0,0.0,0.0,0.0,0.0,0.0,0.0,0.0,0.0,0.0,49.00660976649229,0.0,0.0,0.0,0.0,0.0,0.0,0.0,0.0,53.3587073998281,0.0,73.51669471981023,0.0,3.591298867584471,1.0220358398628762,3.5225464435000005
0.0,0.0,0.0,0.0,0.0,0.0,6.734460233012316,0.0,0.0,0.0,0.0,0.0,0.0,0.0,0.0,0.0,0.5,0.0,0.0,53.3587073998281,0.0,0.0,0.0,3.591298867584471,1.0220358398628762,3.7767672324000015
0.0,0.0,0.0,0.6200073904880942,0.0,0.0,6.809009011088692,6.809009011088692,0.0,0.0,0.0,0.0,0.0,0.0,0.0,0.0,0.5,0.5,0.0,53.3587073998281,0.0,0.0,0.0,3.591298867584471,1.0220358398628762,1.8591304558000001
0.0,0.0,0.0,0.6143783788865097,0.6143783788865097,0.6143781694233812,6.884387409288981,6.884388533221433,6.884388533221433,0.0,0.0,0.0,0.0,0.0,0.0,0.0,0.5,0.5,0.5,53.3587073998281,0.0,0.0,0.0,3.591298867584471,1.0220358398628762,-0.2829962944000001
0.0,0.0,0.0,0.6551027921791205,0.0,0.0,0.0,0.0,0.0,0.0,0.0,0.0,8.25964168554262,8.25964168554262,0.0,0.0,0.5,0.5,0.0,0.0,0.0,73.51669471981023,0.0,3.4629682705802542,0.7850992996914008,-0.1975351589
0.0,0.0,0.0,0.0,0.0,0.0,0.0,0.0,0.0,0.0,0.0,0.0,8.171019436812482,0.0,0.0,0.0,0.5,0.0,0.0,0.0,0.0,73.51669471981023,0.0,3.4629682705802542,0.7850992996914008,2.1760532979
0.0,0.0,0.0,0.0,0.0,0.0,0.0,0.0,0.0,0.0,0.0,41.72679381748005,0.0,0.0,0.0,36.858105199425935,0.0,0.0,0.0,0.0,0.0,73.51669471981023,0.0,3.4629682705802542,0.7850992996914008,2.1422342884
5.354656766501272,0.0,0.0,0.0,0.0,0.0,0.0,0.0,0.0,0.0,0.0,0.0,0.0,0.0,0.0,36.858105199425935,0.5,0.0,0.0,0.0,0.0,0.0,0.0,3.4629682705802542,0.7850992996914008,6.1834859557
5.836293438076023,5.836293438076023,0.0,0.6200073904880946,0.0,0.0,0.0,0.0,0.0,0.0,0.0,0.0,0.0,0.0,0.0,36.858105199425935,0.5,0.5,0.0,0.0,0.0,0.0,0.0,3.4629682705802542,0.7850992996914008,4.125318117500001
0.0,0.0,0.0,0.0,0.0,0.0,0.0,0.0,0.0,0.0,49.00660976649229,0.0,0.0,0.0,0.0,0.0,0.0,0.0,0.0,53.3587073998281,0.0,73.51669471981023,0.0,3.4629682705802542,0.7850992996914008,3.6079653289999993
0.0,0.0,0.0,0.0,0.0,0.0,6.734460233012316,0.0,0.0,0.0,0.0,0.0,0.0,0.0,0.0,0.0,0.5,0.0,0.0,53.3587073998281,0.0,0.0,0.0,3.4629682705802542,0.7850992996914008,3.5388537783
0.0,0.0,0.0,0.6200073904880942,0.0,0.0,6.809009011088692,6.809009011088692,0.0,0.0,0.0,0.0,0.0,0.0,0.0,0.0,0.5,0.5,0.0,53.3587073998281,0.0,0.0,0.0,3.4629682705802542,0.7850992996914008,1.8255197556
0.0,0.0,0.0,0.6143783788865097,0.6143783788865097,0.6143781694233812,6.884387409288981,6.884388533221433,6.884388533221433,0.0,0.0,0.0,0.0,0.0,0.0,0.0,0.5,0.5,0.5,53.3587073998281,0.0,0.0,0.0,3.4629682705802542,0.7850992996914008,-0.017032925000000088
0.0,0.0,0.0,0.0,0.0,0.0,0.0,0.0,0.0,0.0,0.0,0.0,0.0,0.0,0.0,0.0,0.0,0.0,0.0,0.0,0.0,73.51669471981023,0.0,5.029631827694408,2.037309440183326,4.2159714051
0.0,0.0,0.0,0.0,0.0,0.0,6.734460233012316,0.0,0.0,0.0,0.0,0.0,0.0,0.0,0.0,0.0,0.5,0.0,0.0,53.3587073998281,0.0,0.0,0.0,5.029631827694408,2.037309440183326,3.8359241273000007
0.0,0.0,0.0,0.0,0.0,0.0,0.0,0.0,0.0,0.0,0.0,0.0,8.171019436812482,0.0,0.0,0.0,0.5,0.0,0.0,0.0,0.0,73.51669471981023,0.0,5.029631827694408,2.037309440183326,2.1222098362
0.0,0.0,0.0,0.6551027921791205,0.0,0.0,0.0,0.0,0.0,0.0,0.0,0.0,8.25964168554262,8.25964168554262,0.0,0.0,0.5,0.5,0.0,0.0,0.0,73.51669471981023,0.0,5.029631827694408,2.037309440183326,0.04455225130000002
0.0,0.0,0.0,0.0,0.0,0.0,0.0,0.0,0.0,0.0,0.0,41.72679381748005,0.0,0.0,0.0,36.858105199425935,0.0,0.0,0.0,0.0,0.0,73.51669471981023,0.0,5.029631827694408,2.037309440183326,1.7367012192
5.836293438076023,5.836293438076023,0.0,0.6200073904880946,0.0,0.0,0.0,0.0,0.0,0.0,0.0,0.0,0.0,0.0,0.0,36.858105199425935,0.5,0.5,0.0,0.0,0.0,0.0,0.0,5.029631827694408,2.037309440183326,4.4800307750999995
0.0,0.0,0.0,0.0,0.0,0.0,6.734460233012316,0.0,0.0,0.0,0.0,0.0,0.0,0.0,0.0,0.0,0.5,0.0,0.0,53.3587073998281,0.0,0.0,0.0,5.029631827694408,2.037309440183326,3.8359460325
0.0,0.0,0.0,0.6200073904880942,0.0,0.0,6.809009011088692,6.809009011088692,0.0,0.0,0.0,0.0,0.0,0.0,0.0,0.0,0.5,0.5,0.0,53.3587073998281,0.0,0.0,0.0,5.029631827694408,2.037309440183326,1.8751981049000002
0.0,0.0,0.0,0.6143783788865097,0.6143783788865097,0.6143781694233812,6.884387409288981,6.884388533221433,6.884388533221433,0.0,0.0,0.0,0.0,0.0,0.0,0.0,0.5,0.5,0.5,53.3587073998281,0.0,0.0,0.0,5.029631827694408,2.037309440183326,-0.2122542837000002
0.0,0.0,0.0,0.0,0.0,0.0,0.0,0.0,0.0,0.0,0.0,0.0,0.0,0.0,0.0,0.0,0.0,0.0,0.0,0.0,0.0,73.51669471981023,0.0,6.434857736729355,1.8308241991064163,4.101668847200002
0.0,0.0,0.0,0.0,0.0,0.0,0.0,0.0,0.0,0.0,0.0,0.0,8.171019436812482,0.0,0.0,0.0,0.5,0.0,0.0,0.0,0.0,73.51669471981023,0.0,6.434857736729355,1.8308241991064163,1.7983183025
0.0,0.0,0.0,0.6551027921791205,0.0,0.0,0.0,0.0,0.0,0.0,0.0,0.0,8.25964168554262,8.25964168554262,0.0,0.0,0.5,0.5,0.0,0.0,0.0,73.51669471981023,0.0,6.434857736729355,1.8308241991064163,0.1668297891
0.0,0.0,0.0,0.0,0.0,0.0,0.0,0.0,0.0,0.0,0.0,41.72679381748005,0.0,0.0,0.0,36.858105199425935,0.0,0.0,0.0,0.0,0.0,73.51669471981023,0.0,6.434857736729355,1.8308241991064163,1.654676003
5.354656766501272,0.0,0.0,0.0,0.0,0.0,0.0,0.0,0.0,0.0,0.0,0.0,0.0,0.0,0.0,36.858105199425935,0.5,0.0,0.0,0.0,0.0,0.0,0.0,6.434857736729355,1.8308241991064163,6.1850568696
5.836293438076023,5.836293438076023,0.0,0.6200073904880946,0.0,0.0,0.0,0.0,0.0,0.0,0.0,0.0,0.0,0.0,0.0,36.858105199425935,0.5,0.5,0.0,0.0,0.0,0.0,0.0,6.434857736729355,1.8308241991064163,3.8092344857
0.0,0.0,0.0,0.0,0.0,0.0,0.0,0.0,0.0,0.0,49.00660976649229,0.0,0.0,0.0,0.0,0.0,0.0,0.0,0.0,53.3587073998281,0.0,73.51669471981023,0.0,6.434857736729355,1.8308241991064163,3.5206872249
0.0,0.0,0.0,0.0,0.0,0.0,6.734460233012316,0.0,0.0,0.0,0.0,0.0,0.0,0.0,0.0,0.0,0.5,0.0,0.0,53.3587073998281,0.0,0.0,0.0,6.434857736729355,1.8308241991064163,3.7108096654000007
0.0,0.0,0.0,0.6200073904880942,0.0,0.0,6.809009011088692,6.809009011088692,0.0,0.0,0.0,0.0,0.0,0.0,0.0,0.0,0.5,0.5,0.0,53.3587073998281,0.0,0.0,0.0,6.434857736729355,1.8308241991064163,1.7587899291999998
0.0,0.0,0.0,0.6143783788865097,0.6143783788865097,0.6143781694233812,6.884387409288981,6.884388533221433,6.884388533221433,0.0,0.0,0.0,0.0,0.0,0.0,0.0,0.5,0.5,0.5,53.3587073998281,0.0,0.0,0.0,6.434857736729355,1.8308241991064163,-0.3040772351000002
0.0,0.0,0.0,0.6143783788865097,0.6143783788865097,0.6143781694233812,6.884387409288981,6.884388533221433,6.884388533221433,0.0,0.0,0.0,0.0,0.0,0.0,0.0,0.5,0.5,0.5,53.3587073998281,0.0,0.0,0.0,3.438245917557565,1.0322383327367775,0.28618284579999986
0.0,0.0,0.0,0.0,0.0,0.0,0.0,0.0,0.0,0.0,0.0,0.0,0.0,0.0,0.0,0.0,0.0,0.0,0.0,0.0,0.0,73.51669471981023,0.0,3.438245917557565,1.0322383327367775,4.0873274890000015
0.0,0.0,0.0,0.0,0.0,0.0,0.0,0.0,0.0,0.0,0.0,0.0,8.171019436812482,0.0,0.0,0.0,0.5,0.0,0.0,0.0,0.0,73.51669471981023,0.0,3.438245917557565,1.0322383327367775,1.7986766765000002
0.0,0.0,0.0,0.6551027921791205,0.0,0.0,0.0,0.0,0.0,0.0,0.0,0.0,8.25964168554262,8.25964168554262,0.0,0.0,0.5,0.5,0.0,0.0,0.0,73.51669471981023,0.0,3.438245917557565,1.0322383327367775,0.6419749159000001
0.0,0.0,0.0,0.0,0.0,0.0,0.0,0.0,0.0,0.0,0.0,41.72679381748005,0.0,0.0,0.0,36.858105199425935,0.0,0.0,0.0,0.0,0.0,73.51669471981023,0.0,3.438245917557565,1.0322383327367775,1.8302470602
5.354656766501272,0.0,0.0,0.0,0.0,0.0,0.0,0.0,0.0,0.0,0.0,0.0,0.0,0.0,0.0,36.858105199425935,0.5,0.0,0.0,0.0,0.0,0.0,0.0,3.438245917557565,1.0322383327367775,6.1228546113
0.0,0.0,0.0,0.0,0.0,0.0,0.0,0.0,0.0,0.0,49.00660976649229,0.0,0.0,0.0,0.0,0.0,0.0,0.0,0.0,53.3587073998281,0.0,73.51669471981023,0.0,3.438245917557565,1.0322383327367775,3.5256387466000003
0.0,0.0,0.0,0.0,0.0,0.0,6.734460233012316,0.0,0.0,0.0,0.0,0.0,0.0,0.0,0.0,0.0,0.5,0.0,0.0,53.3587073998281,0.0,0.0,0.0,3.438245917557565,1.0322383327367775,3.9410550842
0.0,0.0,0.0,0.6200073904880942,0.0,0.0,6.809009011088692,6.809009011088692,0.0,0.0,0.0,0.0,0.0,0.0,0.0,0.0,0.5,0.5,0.0,53.3587073998281,0.0,0.0,0.0,3.438245917557565,1.0322383327367775,2.0136205723
0.0,0.0,0.0,0.6551027921791205,0.0,0.0,0.0,0.0,0.0,0.0,0.0,0.0,8.25964168554262,8.25964168554262,0.0,0.0,0.5,0.5,0.0,0.0,0.0,73.51669471981023,0.0,3.6635064785174096,1.1474199204639188,0.4435803002000001
0.0,0.0,0.0,0.0,0.0,0.0,0.0,0.0,0.0,0.0,0.0,41.72679381748005,0.0,0.0,0.0,36.858105199425935,0.0,0.0,0.0,0.0,0.0,73.51669471981023,0.0,3.6635064785174096,1.1474199204639188,1.8123969285
5.836293438076023,5.836293438076023,0.0,0.6200073904880946,0.0,0.0,0.0,0.0,0.0,0.0,0.0,0.0,0.0,0.0,0.0,36.858105199425935,0.5,0.5,0.0,0.0,0.0,0.0,0.0,3.6635064785174096,1.1474199204639188,4.2855739206
0.0,0.0,0.0,0.0,0.0,0.0,0.0,0.0,0.0,0.0,49.00660976649229,0.0,0.0,0.0,0.0,0.0,0.0,0.0,0.0,53.3587073998281,0.0,73.51669471981023,0.0,3.6635064785174096,1.1474199204639188,3.3873360094
0.0,0.0,0.0,0.6200073904880942,0.0,0.0,6.809009011088692,6.809009011088692,0.0,0.0,0.0,0.0,0.0,0.0,0.0,0.0,0.5,0.5,0.0,53.3587073998281,0.0,0.0,0.0,3.6635064785174096,1.1474199204639188,2.0149921627
0.0,0.0,0.0,0.6143783788865097,0.6143783788865097,0.6143781694233812,6.884387409288981,6.884388533221433,6.884388533221433,0.0,0.0,0.0,0.0,0.0,0.0,0.0,0.5,0.5,0.5,53.3587073998281,0.0,0.0,0.0,3.6635064785174096,1.1474199204639188,-0.2977541229999999
0.0,0.0,0.0,0.0,0.0,0.0,0.0,0.0,0.0,0.0,0.0,0.0,8.171019436812482,0.0,0.0,0.0,0.5,0.0,0.0,0.0,0.0,73.51669471981023,0.0,8.592291491878767,-1.6460895850831059,2.0803033338
0.0,0.0,0.0,0.0,0.0,0.0,0.0,0.0,0.0,0.0,0.0,41.72679381748005,0.0,0.0,0.0,36.858105199425935,0.0,0.0,0.0,0.0,0.0,73.51669471981023,0.0,8.592291491878767,-1.6460895850831059,1.5646979842
0.0,0.0,0.0,0.0,0.0,0.0,6.734460233012316,0.0,0.0,0.0,0.0,0.0,0.0,0.0,0.0,0.0,0.5,0.0,0.0,53.3587073998281,0.0,0.0,0.0,8.592291491878767,-1.6460895850831059,3.4802110426999997
0.0,0.0,0.0,0.6200073904880942,0.0,0.0,6.809009011088692,6.809009011088692,0.0,0.0,0.0,0.0,0.0,0.0,0.0,0.0,0.5,0.5,0.0,53.3587073998281,0.0,0.0,0.0,8.592291491878767,-1.6460895850831059,1.5302969243000002
0.0,0.0,0.0,0.6143783788865097,0.6143783788865097,0.6143781694233812,6.884387409288981,6.884388533221433,6.884388533221433,0.0,0.0,0.0,0.0,0.0,0.0,0.0,0.5,0.5,0.5,53.3587073998281,0.0,0.0,0.0,8.592291491878767,-1.6460895850831059,-0.8017422412000001
5.836293438076023,5.836293438076023,0.0,0.6200073904880946,0.0,0.0,0.0,0.0,0.0,0.0,0.0,0.0,0.0,0.0,0.0,36.858105199425935,0.5,0.5,0.0,0.0,0.0,0.0,0.0,8.592291491878767,-1.6460895850831059,3.8090826461
0.0,0.0,0.0,0.0,0.0,0.0,0.0,0.0,0.0,0.0,0.0,0.0,0.0,0.0,0.0,0.0,0.0,0.0,0.0,0.0,0.0,73.51669471981023,0.0,8.316034435261543,-0.8322895548420152,4.598687310500001
0.0,0.0,0.0,0.0,0.0,0.0,0.0,0.0,0.0,0.0,0.0,0.0,8.171019436812482,0.0,0.0,0.0,0.5,0.0,0.0,0.0,0.0,73.51669471981023,0.0,8.316034435261543,-0.8322895548420152,2.3089600152000003
0.0,0.0,0.0,0.6551027921791205,0.0,0.0,0.0,0.0,0.0,0.0,0.0,0.0,8.25964168554262,8.25964168554262,0.0,0.0,0.5,0.5,0.0,0.0,0.0,73.51669471981023,0.0,8.316034435261543,-0.8322895548420152,0.4643753852000001
0.0,0.0,0.0,0.0,0.0,0.0,0.0,0.0,0.0,0.0,0.0,41.72679381748005,0.0,0.0,0.0,36.858105199425935,0.0,0.0,0.0,0.0,0.0,73.51669471981023,0.0,8.316034435261543,-0.8322895548420152,1.7830554243
5.836293438076023,5.836293438076023,0.0,0.6200073904880946,0.0,0.0,0.0,0.0,0.0,0.0,0.0,0.0,0.0,0.0,0.0,36.858105199425935,0.5,0.5,0.0,0.0,0.0,0.0,0.0,8.316034435261543,-0.8322895548420152,4.5655715676
0.0,0.0,0.0,0.0,0.0,0.0,6.734460233012316,0.0,0.0,0.0,0.0,0.0,0.0,0.0,0.0,0.0,0.5,0.0,0.0,53.3587073998281,0.0,0.0,0.0,8.316034435261543,-0.8322895548420152,3.9048334505
0.0,0.0,0.0,0.6200073904880942,0.0,0.0,6.809009011088692,6.809009011088692,0.0,0.0,0.0,0.0,0.0,0.0,0.0,0.0,0.5,0.5,0.0,53.3587073998281,0.0,0.0,0.0,8.316034435261543,-0.8322895548420152,1.7453303563
0.0,0.0,0.0,0.6143783788865097,0.6143783788865097,0.6143781694233812,6.884387409288981,6.884388533221433,6.884388533221433,0.0,0.0,0.0,0.0,0.0,0.0,0.0,0.5,0.5,0.5,53.3587073998281,0.0,0.0,0.0,8.316034435261543,-0.8322895548420152,-0.572009077
0.0,0.0,0.0,0.0,0.0,0.0,0.0,0.0,0.0,0.0,0.0,0.0,0.0,0.0,0.0,0.0,0.5,0.0,0.0,0.0,0.0,0.0,0.0,1.1576072840767053,-2.875621922513168,1.2875650366
0.0,0.0,0.0,0.0,0.0,0.0,0.0,0.0,0.0,0.0,0.0,0.0,0.0,0.0,0.0,0.0,0.0,0.0,0.0,0.0,0.0,73.51669471981023,0.0,1.1576072840767053,-2.875621922513168,2.402137131
0.0,0.0,0.0,0.0,0.0,0.0,0.0,0.0,0.0,0.0,0.0,0.0,8.171019436812482,0.0,0.0,0.0,0.5,0.0,0.0,0.0,0.0,73.51669471981023,0.0,1.1576072840767053,-2.875621922513168,0.19242213079999998
0.0,0.0,0.0,0.6551027921791205,0.0,0.0,0.0,0.0,0.0,0.0,0.0,0.0,8.25964168554262,8.25964168554262,0.0,0.0,0.5,0.5,0.0,0.0,0.0,73.51669471981023,0.0,1.1576072840767053,-2.875621922513168,0.4185016781
0.0,0.0,0.0,0.0,0.0,0.0,0.0,0.0,0.0,0.0,0.0,0.0,0.0,0.0,0.0,36.858105199425935,0.0,0.0,0.0,0.0,0.0,0.0,0.0,1.1576072840767053,-2.875621922513168,7.373820964
0.0,0.0,0.0,0.0,0.0,0.0,0.0,0.0,0.0,0.0,0.0,41.72679381748005,0.0,0.0,0.0,36.858105199425935,0.0,0.0,0.0,0.0,0.0,73.51669471981023,0.0,1.1576072840767053,-2.875621922513168,1.7511092584999997
5.354656766501272,0.0,0.0,0.0,0.0,0.0,0.0,0.0,0.0,0.0,0.0,0.0,0.0,0.0,0.0,36.858105199425935,0.5,0.0,0.0,0.0,0.0,0.0,0.0,1.1576072840767053,-2.875621922513168,5.3807691983
5.836293438076023,5.836293438076023,0.0,0.6200073904880946,0.0,0.0,0.0,0.0,0.0,0.0,0.0,0.0,0.0,0.0,0.0,36.858105199425935,0.5,0.5,0.0,0.0,0.0,0.0,0.0,1.1576072840767053,-2.875621922513168,3.3152333956000013
5.563746626978609,5.563748663029517,5.563748663029517,0.5353718341045013,0.5353718341045013,0.5353720300236634,0.0,0.0,0.0,0.0,0.0,0.0,0.0,0.0,0.0,36.858105199425935,0.5,0.5,0.5,0.0,0.0,0.0,0.0,1.1576072840767053,-2.875621922513168,1.4907373552
0.0,0.0,0.0,0.0,0.0,0.0,0.0,0.0,0.0,0.0,0.0,0.0,0.0,0.0,0.0,0.0,0.0,0.0,0.0,53.3587073998281,0.0,0.0,0.0,1.1576072840767053,-2.875621922513168,5.2981921655
0.0,0.0,0.0,0.0,0.0,0.0,0.0,0.0,0.0,0.0,49.00660976649229,0.0,0.0,0.0,0.0,0.0,0.0,0.0,0.0,53.3587073998281,0.0,73.51669471981023,0.0,1.1576072840767053,-2.875621922513168,3.3176379114999994
0.0,0.0,0.0,0.0,0.0,0.0,6.734460233012316,0.0,0.0,0.0,0.0,0.0,0.0,0.0,0.0,0.0,0.5,0.0,0.0,53.3587073998281,0.0,0.0,0.0,1.1576072840767053,-2.875621922513168,2.7139751083000005
0.0,0.0,0.0,0.6200073904880942,0.0,0.0,6.809009011088692,6.809009011088692,0.0,0.0,0.0,0.0,0.0,0.0,0.0,0.0,0.5,0.5,0.0,53.3587073998281,0.0,0.0,0.0,1.1576072840767053,-2.875621922513168,0.5076839411999999
0.0,0.0,0.0,0.6143783788865097,0.6143783788865097,0.6143781694233812,6.884387409288981,6.884388533221433,6.884388533221433,0.0,0.0,0.0,0.0,0.0,0.0,0.0,0.5,0.5,0.5,53.3587073998281,0.0,0.0,0.0,1.1576072840767053,-2.875621922513168,-0.0733176886000001
0.0,0.0,0.0,0.0,0.0,0.0,0.0,0.0,0.0,0.0,0.0,0.0,0.0,0.0,0.0,0.0,0.5,0.0,0.0,0.0,0.0,0.0,0.0,-8.463213781804141,0.30923361903144786,0.027933749100000002
0.0,0.0,0.0,0.0,0.0,0.0,0.0,0.0,0.0,0.0,0.0,0.0,0.0,0.0,0.0,0.0,0.5,0.0,0.0,0.0,0.0,0.0,0.0,0.5529575378807288,10.423347312840333,1.7285372978
0.0,0.0,0.0,0.0,0.0,0.0,0.0,0.0,0.0,0.0,0.0,0.0,0.0,0.0,0.0,0.0,0.5,0.0,0.0,0.0,0.0,0.0,0.0,-8.337927294919677,0.14460562232940655,-0.026175023700000008
0.0,0.0,0.0,0.0,0.0,0.0,0.0,0.0,0.0,0.0,0.0,0.0,0.0,0.0,0.0,0.0,0.5,0.0,0.0,0.0,0.0,0.0,0.0,-8.188532850549151,-0.31220426463148643,-0.10985033890000002
0.0,0.0,0.0,0.0,0.0,0.0,0.0,0.0,0.0,0.0,0.0,0.0,0.0,0.0,0.0,0.0,0.5,0.0,0.0,0.0,0.0,0.0,0.0,-8.024719485937123,0.05413800386885689,-0.2053624754
0.0,0.0,0.0,0.0,0.0,0.0,0.0,0.0,0.0,0.0,0.0,0.0,0.0,0.0,0.0,0.0,0.5,0.0,0.0,0.0,0.0,0.0,0.0,-6.817430544080151,1.549220124689161,0.7710776576999999
0.0,0.0,0.0,0.0,0.0,0.0,0.0,0.0,0.0,0.0,0.0,0.0,0.0,0.0,0.0,0.0,0.5,0.0,0.0,0.0,0.0,0.0,0.0,-8.335822970563063,1.0731233437638354,0.2933990139
0.0,0.0,0.0,0.0,0.0,0.0,0.0,0.0,0.0,0.0,0.0,0.0,0.0,0.0,0.0,0.0,0.5,0.0,0.0,0.0,0.0,0.0,0.0,-8.508130116469962,0.028210406554707468,-0.05210040919999999
0.0,0.0,0.0,0.0,0.0,0.0,0.0,0.0,0.0,0.0,0.0,0.0,0.0,0.0,0.0,0.0,0.5,0.0,0.0,0.0,0.0,0.0,0.0,-1.1414944154110267,9.186645074818552,1.0758975403
0.0,0.0,0.0,0.0,0.0,0.0,0.0,0.0,0.0,0.0,0.0,0.0,0.0,0.0,0.0,0.0,0.5,0.0,0.0,0.0,0.0,0.0,0.0,-7.826843241606472,0.7387527407483405,-0.023032515599999987
0.0,0.0,0.0,0.0,0.0,0.0,0.0,0.0,0.0,0.0,0.0,0.0,0.0,0.0,0.0,0.0,0.5,0.0,0.0,0.0,0.0,0.0,0.0,-1.854946087786983,8.561331949006567,1.0405104802
0.0,0.0,0.0,0.0,0.0,0.0,0.0,0.0,0.0,0.0,0.0,0.0,0.0,0.0,0.0,0.0,0.5,0.0,0.0,0.0,0.0,0.0,0.0,-8.305517210884188,0.28141815798074715,-0.02447036579999997
0.0,0.0,0.0,0.0,0.0,0.0,0.0,0.0,0.0,0.0,0.0,0.0,0.0,0.0,0.0,0.0,0.5,0.0,0.0,0.0,0.0,0.0,0.0,-8.459321877711403,-0.266515905366772,-0.3381106863
0.0,0.0,0.0,0.6551027921791205,0.0,0.0,0.0,0.0,0.0,0.0,0.0,0.0,8.25964168554262,8.25964168554262,0.0,0.0,0.5,0.5,0.0,0.0,0.0,73.51669471981023,0.0,-8.463213781804141,0.30923361903144786,-0.0787527864
0.0,0.0,0.0,0.0,0.0,0.0,0.0,0.0,0.0,0.0,0.0,41.72679381748005,0.0,0.0,0.0,36.858105199425935,0.0,0.0,0.0,0.0,0.0,73.51669471981023,0.0,-8.463213781804141,0.30923361903144786,1.4463959506000004
5.354656766501272,0.0,0.0,0.0,0.0,0.0,0.0,0.0,0.0,0.0,0.0,0.0,0.0,0.0,0.0,36.858105199425935,0.5,0.0,0.0,0.0,0.0,0.0,0.0,-8.463213781804141,0.30923361903144786,4.0668172685
5.836293438076023,5.836293438076023,0.0,0.6200073904880946,0.0,0.0,0.0,0.0,0.0,0.0,0.0,0.0,0.0,0.0,0.0,36.858105199425935,0.5,0.5,0.0,0.0,0.0,0.0,0.0,-8.463213781804141,0.30923361903144786,2.5456543712000004
5.563746626978609,5.563748663029517,5.563748663029517,0.5353718341045013,0.5353718341045013,0.5353720300236634,0.0,0.0,0.0,0.0,0.0,0.0,0.0,0.0,0.0,36.858105199425935,0.5,0.5,0.5,0.0,0.0,0.0,0.0,-8.463213781804141,0.30923361903144786,0.7711171510000001
0.0,0.0,0.0,0.0,0.0,0.0,0.0,0.0,0.0,0.0,0.0,0.0,0.0,0.0,0.0,0.0,0.0,0.0,0.0,53.3587073998281,0.0,0.0,0.0,-8.463213781804141,0.30923361903144786,3.8374
0.0,0.0,0.0,0.0,0.0,0.0,0.0,0.0,0.0,0.0,49.00660976649229,0.0,0.0,0.0,0.0,0.0,0.0,0.0,0.0,53.3587073998281,0.0,73.51669471981023,0.0,-8.463213781804141,0.30923361903144786,2.521867813
0.0,0.0,0.0,0.0,0.0,0.0,6.734460233012316,0.0,0.0,0.0,0.0,0.0,0.0,0.0,0.0,0.0,0.5,0.0,0.0,53.3587073998281,0.0,0.0,0.0,-8.463213781804141,0.30923361903144786,0.5159
0.0,0.0,0.0,0.6200073904880942,0.0,0.0,6.809009011088692,6.809009011088692,0.0,0.0,0.0,0.0,0.0,0.0,0.0,0.0,0.5,0.5,0.0,53.3587073998281,0.0,0.0,0.0,-8.463213781804141,0.30923361903144786,-0.11694140660000005
0.0,0.0,0.0,0.6143783788865097,0.6143783788865097,0.6143781694233812,6.884387409288981,6.884388533221433,6.884388533221433,0.0,0.0,0.0,0.0,0.0,0.0,0.0,0.5,0.5,0.5,53.3587073998281,0.0,0.0,0.0,-8.463213781804141,0.30923361903144786,-0.6789118545999999
0.0,0.0,0.0,0.0,0.0,0.0,0.0,0.0,0.0,0.0,0.0,0.0,0.0,0.0,0.0,0.0,0.5,0.0,0.0,0.0,0.0,0.0,0.0,1.446182385167086,-2.8695708274766947,1.0126522471
0.0,0.0,0.0,0.0,0.0,0.0,0.0,0.0,0.0,0.0,0.0,0.0,0.0,0.0,0.0,0.0,0.5,0.0,0.0,0.0,0.0,0.0,0.0,3.69514157022003,1.5946953873150709,2.0946547738
0.0,0.0,0.0,0.0,0.0,0.0,0.0,0.0,0.0,0.0,0.0,0.0,0.0,0.0,0.0,0.0,0.5,0.0,0.0,0.0,0.0,0.0,0.0,1.1359869468345085,-2.9459572529222293,1.128688171
0.0,0.0,0.0,0.0,0.0,0.0,0.0,0.0,0.0,0.0,0.0,0.0,0.0,0.0,0.0,0.0,0.5,0.0,0.0,0.0,0.0,0.0,0.0,2.7759342507794424,0.06990301810253655,2.0843144432
0.0,0.0,0.0,0.0,0.0,0.0,0.0,0.0,0.0,0.0,0.0,0.0,0.0,0.0,0.0,0.0,0.5,0.0,0.0,0.0,0.0,0.0,0.0,2.9042451065399937,0.008660606783562619,1.8026694183000005
0.0,0.0,0.0,0.0,0.0,0.0,0.0,0.0,0.0,0.0,0.0,0.0,0.0,0.0,0.0,0.0,0.5,0.0,0.0,0.0,0.0,0.0,0.0,1.1881304935015966,-2.810596182360844,1.2515419101
0.0,0.0,0.0,0.0,0.0,0.0,0.0,0.0,0.0,0.0,0.0,0.0,0.0,0.0,0.0,0.0,0.5,0.0,0.0,0.0,0.0,0.0,0.0,7.315028421036898,0.9582252312627971,2.9369800035000004
0.0,0.0,0.0,0.0,0.0,0.0,0.0,0.0,0.0,0.0,0.0,0.0,0.0,0.0,0.0,0.0,0.5,0.0,0.0,0.0,0.0,0.0,0.0,1.7251004222642743,-1.4706905677787936,1.2419590087999999
0.0,0.0,0.0,0.0,0.0,0.0,0.0,0.0,0.0,0.0,0.0,0.0,0.0,0.0,0.0,0.0,0.5,0.0,0.0,0.0,0.0,0.0,0.0,3.715245557820309,1.2842548935852436,2.5154592867
0.0,0.0,0.0,0.0,0.0,0.0,0.0,0.0,0.0,0.0,0.0,0.0,0.0,0.0,0.0,0.0,0.5,0.0,0.0,0.0,0.0,0.0,0.0,1.172649424134708,-2.5678249351436735,1.2344551942000002
0.0,0.0,0.0,0.0,0.0,0.0,0.0,0.0,0.0,0.0,0.0,0.0,0.0,0.0,0.0,0.0,0.5,0.0,0.0,0.0,0.0,0.0,0.0,1.4538652203319626,-2.9017972782683827,0.8787298644
0.0,0.0,0.0,0.0,0.0,0.0,0.0,0.0,0.0,0.0,0.0,0.0,8.171019436812482,0.0,0.0,0.0,0.5,0.0,0.0,0.0,0.0,73.51669471981023,0.0,3.69514157022003,1.5946953873150709,1.1042198236
0.0,0.0,0.0,0.6551027921791205,0.0,0.0,0.0,0.0,0.0,0.0,0.0,0.0,8.25964168554262,8.25964168554262,0.0,0.0,0.5,0.5,0.0,0.0,0.0,73.51669471981023,0.0,3.69514157022003,1.5946953873150709,0.12638870119999995
0.0,0.0,0.0,0.0,0.0,0.0,0.0,0.0,0.0,0.0,0.0,41.72679381748005,0.0,0.0,0.0,36.858105199425935,0.0,0.0,0.0,0.0,0.0,73.51669471981023,0.0,3.69514157022003,1.5946953873150709,1.6900847093999998
5.354656766501272,0.0,0.0,0.0,0.0,0.0,0.0,0.0,0.0,0.0,0.0,0.0,0.0,0.0,0.0,36.858105199425935,0.5,0.0,0.0,0.0,0.0,0.0,0.0,3.69514157022003,1.5946953873150709,4.585799999999999
5.836293438076023,5.836293438076023,0.0,0.6200073904880946,0.0,0.0,0.0,0.0,0.0,0.0,0.0,0.0,0.0,0.0,0.0,36.858105199425935,0.5,0.5,0.0,0.0,0.0,0.0,0.0,3.69514157022003,1.5946953873150709,2.9646
5.563746626978609,5.563748663029517,5.563748663029517,0.5353718341045013,0.5353718341045013,0.5353720300236634,0.0,0.0,0.0,0.0,0.0,0.0,0.0,0.0,0.0,36.858105199425935,0.5,0.5,0.5,0.0,0.0,0.0,0.0,3.69514157022003,1.5946953873150709,2.2215848421000004
0.0,0.0,0.0,0.6200073904880942,0.0,0.0,6.809009011088692,6.809009011088692,0.0,0.0,0.0,0.0,0.0,0.0,0.0,0.0,0.5,0.5,0.0,53.3587073998281,0.0,0.0,0.0,3.69514157022003,1.5946953873150709,0.4048
0.0,0.0,0.0,0.6143783788865097,0.6143783788865097,0.6143781694233812,6.884387409288981,6.884388533221433,6.884388533221433,0.0,0.0,0.0,0.0,0.0,0.0,0.0,0.5,0.5,0.5,53.3587073998281,0.0,0.0,0.0,3.69514157022003,1.5946953873150709,-0.2580124547999999
0.0,0.0,0.0,0.0,0.0,0.0,0.0,0.0,0.0,0.0,0.0,0.0,0.0,0.0,0.0,36.858105199425935,0.0,0.0,0.0,0.0,0.0,0.0,0.0,-8.463213781804141,0.30923361903144786,6.327787095800001
0.0,0.0,0.0,0.0,0.0,0.0,0.0,0.0,0.0,0.0,0.0,0.0,0.0,0.0,0.0,36.858105199425935,0.0,0.0,0.0,0.0,0.0,0.0,0.0,-8.337927294919677,0.14460562232940655,6.3772514275
0.0,0.0,0.0,0.0,0.0,0.0,0.0,0.0,0.0,0.0,0.0,0.0,0.0,0.0,0.0,36.858105199425935,0.0,0.0,0.0,0.0,0.0,0.0,0.0,-8.188532850549151,-0.31220426463148643,5.0896654425
0.0,0.0,0.0,0.0,0.0,0.0,0.0,0.0,0.0,0.0,0.0,0.0,0.0,0.0,0.0,36.858105199425935,0.0,0.0,0.0,0.0,0.0,0.0,0.0,-8.024719485937123,0.05413800386885689,5.2252417338
0.0,0.0,0.0,0.0,0.0,0.0,0.0,0.0,0.0,0.0,0.0,0.0,0.0,0.0,0.0,36.858105199425935,0.0,0.0,0.0,0.0,0.0,0.0,0.0,-6.817430544080151,1.549220124689161,5.467783438300001
0.0,0.0,0.0,0.0,0.0,0.0,0.0,0.0,0.0,0.0,0.0,0.0,0.0,0.0,0.0,36.858105199425935,0.0,0.0,0.0,0.0,0.0,0.0,0.0,-8.335822970563063,1.0731233437638354,5.4344047152999995
0.0,0.0,0.0,0.0,0.0,0.0,0.0,0.0,0.0,0.0,0.0,0.0,0.0,0.0,0.0,36.858105199425935,0.0,0.0,0.0,0.0,0.0,0.0,0.0,-8.508130116469962,0.028210406554707468,6.1703758360000025
0.0,0.0,0.0,0.0,0.0,0.0,0.0,0.0,0.0,0.0,0.0,0.0,0.0,0.0,0.0,36.858105199425935,0.0,0.0,0.0,0.0,0.0,0.0,0.0,-8.305517210884188,0.28141815798074715,5.3642376813000014
0.0,0.0,0.0,0.0,0.0,0.0,0.0,0.0,0.0,0.0,0.0,0.0,0.0,0.0,0.0,36.858105199425935,0.0,0.0,0.0,0.0,0.0,0.0,0.0,-8.459321877711403,-0.266515905366772,4.968823305800001
0.0,0.0,0.0,0.0,0.0,0.0,0.0,0.0,0.0,0.0,0.0,0.0,0.0,0.0,0.0,0.0,0.0,0.0,0.0,0.0,0.0,73.51669471981023,0.0,1.446182385167086,-2.8695708274766947,0.1839
0.0,0.0,0.0,0.6551027921791205,0.0,0.0,0.0,0.0,0.0,0.0,0.0,0.0,8.25964168554262,8.25964168554262,0.0,0.0,0.5,0.5,0.0,0.0,0.0,73.51669471981023,0.0,1.446182385167086,-2.8695708274766947,0.6679952140000001
0.0,0.0,0.0,0.0,0.0,0.0,0.0,0.0,0.0,0.0,0.0,0.0,0.0,0.0,0.0,36.858105199425935,0.0,0.0,0.0,0.0,0.0,0.0,0.0,1.446182385167086,-2.8695708274766947,6.7582278896000005
0.0,0.0,0.0,0.0,0.0,0.0,0.0,0.0,0.0,0.0,0.0,41.72679381748005,0.0,0.0,0.0,36.858105199425935,0.0,0.0,0.0,0.0,0.0,73.51669471981023,0.0,1.446182385167086,-2.8695708274766947,1.8599725304
5.354656766501272,0.0,0.0,0.0,0.0,0.0,0.0,0.0,0.0,0.0,0.0,0.0,0.0,0.0,0.0,36.858105199425935,0.5,0.0,0.0,0.0,0.0,0.0,0.0,1.446182385167086,-2.8695708274766947,4.4234622142
5.836293438076023,5.836293438076023,0.0,0.6200073904880946,0.0,0.0,0.0,0.0,0.0,0.0,0.0,0.0,0.0,0.0,0.0,36.858105199425935,0.5,0.5,0.0,0.0,0.0,0.0,0.0,1.446182385167086,-2.8695708274766947,2.8354521272000004
5.563746626978609,5.563748663029517,5.563748663029517,0.5353718341045013,0.5353718341045013,0.5353720300236634,0.0,0.0,0.0,0.0,0.0,0.0,0.0,0.0,0.0,36.858105199425935,0.5,0.5,0.5,0.0,0.0,0.0,0.0,1.446182385167086,-2.8695708274766947,1.3677123203
0.0,0.0,0.0,0.0,0.0,0.0,0.0,0.0,0.0,0.0,0.0,0.0,0.0,0.0,0.0,0.0,0.0,0.0,0.0,53.3587073998281,0.0,0.0,0.0,1.446182385167086,-2.8695708274766947,3.7211733900999997
0.0,0.0,0.0,0.0,0.0,0.0,0.0,0.0,0.0,0.0,49.00660976649229,0.0,0.0,0.0,0.0,0.0,0.0,0.0,0.0,53.3587073998281,0.0,73.51669471981023,0.0,1.446182385167086,-2.8695708274766947,3.0252043843000003
0.0,0.0,0.0,0.0,0.0,0.0,6.734460233012316,0.0,0.0,0.0,0.0,0.0,0.0,0.0,0.0,0.0,0.5,0.0,0.0,53.3587073998281,0.0,0.0,0.0,1.446182385167086,-2.8695708274766947,1.4124958008000001
0.0,0.0,0.0,0.6200073904880942,0.0,0.0,6.809009011088692,6.809009011088692,0.0,0.0,0.0,0.0,0.0,0.0,0.0,0.0,0.5,0.5,0.0,53.3587073998281,0.0,0.0,0.0,1.446182385167086,-2.8695708274766947,0.4616226668
0.0,0.0,0.0,0.6143783788865097,0.6143783788865097,0.6143781694233812,6.884387409288981,6.884388533221433,6.884388533221433,0.0,0.0,0.0,0.0,0.0,0.0,0.0,0.5,0.5,0.5,53.3587073998281,0.0,0.0,0.0,1.446182385167086,-2.8695708274766947,0.3023944115999999
0.0,0.0,0.0,0.6551027921791205,0.0,0.0,0.0,0.0,0.0,0.0,0.0,0.0,8.25964168554262,8.25964168554262,0.0,0.0,0.5,0.5,0.0,0.0,0.0,73.51669471981023,0.0,-8.463213781804141,0.30923361903144786,-0.0803952663000001
0.0,0.0,0.0,0.6551027921791205,0.0,0.0,0.0,0.0,0.0,0.0,0.0,0.0,8.25964168554262,8.25964168554262,0.0,0.0,0.5,0.5,0.0,0.0,0.0,73.51669471981023,0.0,0.5529575378807288,10.423347312840333,-0.32141190810000003
0.0,0.0,0.0,0.6551027921791205,0.0,0.0,0.0,0.0,0.0,0.0,0.0,0.0,8.25964168554262,8.25964168554262,0.0,0.0,0.5,0.5,0.0,0.0,0.0,73.51669471981023,0.0,-8.188532850549151,-0.31220426463148643,0.3078694509
0.0,0.0,0.0,0.6551027921791205,0.0,0.0,0.0,0.0,0.0,0.0,0.0,0.0,8.25964168554262,8.25964168554262,0.0,0.0,0.5,0.5,0.0,0.0,0.0,73.51669471981023,0.0,-8.024719485937123,0.05413800386885689,0.07172705049999993
0.0,0.0,0.0,0.6551027921791205,0.0,0.0,0.0,0.0,0.0,0.0,0.0,0.0,8.25964168554262,8.25964168554262,0.0,0.0,0.5,0.5,0.0,0.0,0.0,73.51669471981023,0.0,-6.817430544080151,1.549220124689161,-0.018003072500000043
0.0,0.0,0.0,0.6551027921791205,0.0,0.0,0.0,0.0,0.0,0.0,0.0,0.0,8.25964168554262,8.25964168554262,0.0,0.0,0.5,0.5,0.0,0.0,0.0,73.51669471981023,0.0,-8.335822970563063,1.0731233437638354,-0.01815600050000004
0.0,0.0,0.0,0.6551027921791205,0.0,0.0,0.0,0.0,0.0,0.0,0.0,0.0,8.25964168554262,8.25964168554262,0.0,0.0,0.5,0.5,0.0,0.0,0.0,73.51669471981023,0.0,-8.508130116469962,0.028210406554707468,-0.006899190200000009
0.0,0.0,0.0,0.6551027921791205,0.0,0.0,0.0,0.0,0.0,0.0,0.0,0.0,8.25964168554262,8.25964168554262,0.0,0.0,0.5,0.5,0.0,0.0,0.0,73.51669471981023,0.0,-1.1414944154110267,9.186645074818552,-0.3328949812000001
0.0,0.0,0.0,0.6551027921791205,0.0,0.0,0.0,0.0,0.0,0.0,0.0,0.0,8.25964168554262,8.25964168554262,0.0,0.0,0.5,0.5,0.0,0.0,0.0,73.51669471981023,0.0,-7.826843241606472,0.7387527407483405,-0.14723978879999994
0.0,0.0,0.0,0.6551027921791205,0.0,0.0,0.0,0.0,0.0,0.0,0.0,0.0,8.25964168554262,8.25964168554262,0.0,0.0,0.5,0.5,0.0,0.0,0.0,73.51669471981023,0.0,-1.854946087786983,8.561331949006567,-0.09274257340000007
0.0,0.0,0.0,0.6551027921791205,0.0,0.0,0.0,0.0,0.0,0.0,0.0,0.0,8.25964168554262,8.25964168554262,0.0,0.0,0.5,0.5,0.0,0.0,0.0,73.51669471981023,0.0,-8.305517210884188,0.28141815798074715,0.09769461369999992
0.0,0.0,0.0,0.6551027921791205,0.0,0.0,0.0,0.0,0.0,0.0,0.0,0.0,8.25964168554262,8.25964168554262,0.0,0.0,0.5,0.5,0.0,0.0,0.0,73.51669471981023,0.0,-8.459321877711403,-0.266515905366772,0.2058276678
0.0,0.0,0.0,0.0,0.0,0.0,0.0,0.0,0.0,0.0,0.0,0.0,0.0,0.0,0.0,0.0,0.5,0.0,0.0,0.0,0.0,0.0,0.0,2.9042451065399937,0.008660606783562619,1.8023751271
0.0,0.0,0.0,0.0,0.0,0.0,0.0,0.0,0.0,0.0,0.0,0.0,8.171019436812482,0.0,0.0,0.0,0.5,0.0,0.0,0.0,0.0,73.51669471981023,0.0,2.9042451065399937,0.008660606783562619,0.4874163864000001
0.0,0.0,0.0,0.6551027921791205,0.0,0.0,0.0,0.0,0.0,0.0,0.0,0.0,8.25964168554262,8.25964168554262,0.0,0.0,0.5,0.5,0.0,0.0,0.0,73.51669471981023,0.0,2.9042451065399937,0.008660606783562619,0.4814770122
0.0,0.0,0.0,0.0,0.0,0.0,0.0,0.0,0.0,0.0,0.0,41.72679381748005,0.0,0.0,0.0,36.858105199425935,0.0,0.0,0.0,0.0,0.0,73.51669471981023,0.0,2.9042451065399937,0.008660606783562619,1.7334755934999997
5.836293438076023,5.836293438076023,0.0,0.6200073904880946,0.0,0.0,0.0,0.0,0.0,0.0,0.0,0.0,0.0,0.0,0.0,36.858105199425935,0.5,0.5,0.0,0.0,0.0,0.0,0.0,2.9042451065399937,0.008660606783562619,3.172478329800001
5.563746626978609,5.563748663029517,5.563748663029517,0.5353718341045013,0.5353718341045013,0.5353720300236634,0.0,0.0,0.0,0.0,0.0,0.0,0.0,0.0,0.0,36.858105199425935,0.5,0.5,0.5,0.0,0.0,0.0,0.0,2.9042451065399937,0.008660606783562619,2.3224940869
0.0,0.0,0.0,0.6200073904880942,0.0,0.0,6.809009011088692,6.809009011088692,0.0,0.0,0.0,0.0,0.0,0.0,0.0,0.0,0.5,0.5,0.0,53.3587073998281,0.0,0.0,0.0,2.9042451065399937,0.008660606783562619,0.8152022418999999
0.0,0.0,0.0,0.6143783788865097,0.6143783788865097,0.6143781694233812,6.884387409288981,6.884388533221433,6.884388533221433,0.0,0.0,0.0,0.0,0.0,0.0,0.0,0.5,0.5,0.5,53.3587073998281,0.0,0.0,0.0,2.9042451065399937,0.008660606783562619,-0.07464533259999995
5.836293438076023,5.836293438076023,0.0,0.6200073904880946,0.0,0.0,0.0,0.0,0.0,0.0,0.0,0.0,0.0,0.0,0.0,36.858105199425935,0.5,0.5,0.0,0.0,0.0,0.0,0.0,-8.463213781804141,0.30923361903144786,2.5453600799
5.836293438076023,5.836293438076023,0.0,0.6200073904880946,0.0,0.0,0.0,0.0,0.0,0.0,0.0,0.0,0.0,0.0,0.0,36.858105199425935,0.5,0.5,0.0,0.0,0.0,0.0,0.0,-8.337927294919677,0.14460562232940655,2.2714354723000003
5.836293438076023,5.836293438076023,0.0,0.6200073904880946,0.0,0.0,0.0,0.0,0.0,0.0,0.0,0.0,0.0,0.0,0.0,36.858105199425935,0.5,0.5,0.0,0.0,0.0,0.0,0.0,-8.188532850549151,-0.31220426463148643,1.9557412356000001
5.836293438076023,5.836293438076023,0.0,0.6200073904880946,0.0,0.0,0.0,0.0,0.0,0.0,0.0,0.0,0.0,0.0,0.0,36.858105199425935,0.5,0.5,0.0,0.0,0.0,0.0,0.0,-8.024719485937123,0.05413800386885689,1.7796201
5.836293438076023,5.836293438076023,0.0,0.6200073904880946,0.0,0.0,0.0,0.0,0.0,0.0,0.0,0.0,0.0,0.0,0.0,36.858105199425935,0.5,0.5,0.0,0.0,0.0,0.0,0.0,-8.335822970563063,1.0731233437638354,2.1532601885
5.836293438076023,5.836293438076023,0.0,0.6200073904880946,0.0,0.0,0.0,0.0,0.0,0.0,0.0,0.0,0.0,0.0,0.0,36.858105199425935,0.5,0.5,0.0,0.0,0.0,0.0,0.0,-8.508130116469962,0.028210406554707468,2.7822725628
5.836293438076023,5.836293438076023,0.0,0.6200073904880946,0.0,0.0,0.0,0.0,0.0,0.0,0.0,0.0,0.0,0.0,0.0,36.858105199425935,0.5,0.5,0.0,0.0,0.0,0.0,0.0,-8.305517210884188,0.28141815798074715,2.2856641753
5.836293438076023,5.836293438076023,0.0,0.6200073904880946,0.0,0.0,0.0,0.0,0.0,0.0,0.0,0.0,0.0,0.0,0.0,36.858105199425935,0.5,0.5,0.0,0.0,0.0,0.0,0.0,-8.459321877711403,-0.266515905366772,1.66317791
5.354656766501272,0.0,0.0,0.0,0.0,0.0,0.0,0.0,0.0,0.0,0.0,0.0,0.0,0.0,0.0,36.858105199425935,0.5,0.0,0.0,0.0,0.0,0.0,0.0,-8.459321877711403,-0.266515905366772,3.0024134402
0.0,0.0,0.0,0.0,0.0,0.0,0.0,0.0,0.0,0.0,49.00660976649229,0.0,0.0,0.0,0.0,0.0,0.0,0.0,0.0,53.3587073998281,0.0,73.51669471981023,0.0,-8.459321877711403,-0.266515905366772,1.879979142
0.0,0.0,0.0,0.0,0.0,0.0,6.734460233012316,0.0,0.0,0.0,0.0,0.0,0.0,0.0,0.0,0.0,0.5,0.0,0.0,53.3587073998281,0.0,0.0,0.0,-8.459321877711403,-0.266515905366772,-1.0556149723
0.0,0.0,0.0,0.6143783788865097,0.6143783788865097,0.6143781694233812,6.884387409288981,6.884388533221433,6.884388533221433,0.0,0.0,0.0,0.0,0.0,0.0,0.0,0.5,0.5,0.5,53.3587073998281,0.0,0.0,0.0,2.7759342507794424,0.06990301810253655,0.025072325100000133
0.0,0.0,0.0,0.6143783788865097,0.6143783788865097,0.6143781694233812,6.884387409288981,6.884388533221433,6.884388533221433,0.0,0.0,0.0,0.0,0.0,0.0,0.0,0.5,0.5,0.5,53.3587073998281,0.0,0.0,0.0,1.7251004222642743,-1.4706905677787936,-0.3947679519999999
0.0,0.0,0.0,0.6143783788865097,0.6143783788865097,0.6143781694233812,6.884387409288981,6.884388533221433,6.884388533221433,0.0,0.0,0.0,0.0,0.0,0.0,0.0,0.5,0.5,0.5,53.3587073998281,0.0,0.0,0.0,3.715245557820309,1.2842548935852436,-0.0509148183
0.0,0.0,0.0,0.0,0.0,0.0,0.0,0.0,0.0,0.0,0.0,0.0,0.0,0.0,0.0,36.858105199425935,0.0,0.0,0.0,0.0,0.0,0.0,0.0,-8.188532850549151,-0.31220426463148643,5.0896654425
0.0,0.0,0.0,0.0,0.0,0.0,0.0,0.0,0.0,0.0,0.0,41.72679381748005,0.0,0.0,0.0,36.858105199425935,0.0,0.0,0.0,0.0,0.0,73.51669471981023,0.0,-8.188532850549151,-0.31220426463148643,1.4100423416999999
5.354656766501272,0.0,0.0,0.0,0.0,0.0,0.0,0.0,0.0,0.0,0.0,0.0,0.0,0.0,0.0,36.858105199425935,0.5,0.0,0.0,0.0,0.0,0.0,0.0,-8.188532850549151,-0.31220426463148643,2.9314439422000005
5.836293438076023,5.836293438076023,0.0,0.6200073904880946,0.0,0.0,0.0,0.0,0.0,0.0,0.0,0.0,0.0,0.0,0.0,36.858105199425935,0.5,0.5,0.0,0.0,0.0,0.0,0.0,-8.188532850549151,-0.31220426463148643,1.7540502314000002
5.563746626978609,5.563748663029517,5.563748663029517,0.5353718341045013,0.5353718341045013,0.5353720300236634,0.0,0.0,0.0,0.0,0.0,0.0,0.0,0.0,0.0,36.858105199425935,0.5,0.5,0.5,0.0,0.0,0.0,0.0,-8.188532850549151,-0.31220426463148643,0.6624975572000003
0.0,0.0,0.0,0.0,0.0,0.0,0.0,0.0,0.0,0.0,49.00660976649229,0.0,0.0,0.0,0.0,0.0,0.0,0.0,0.0,53.3587073998281,0.0,73.51669471981023,0.0,-8.188532850549151,-0.31220426463148643,2.0686127578
0.0,0.0,0.0,0.0,0.0,0.0,6.734460233012316,0.0,0.0,0.0,0.0,0.0,0.0,0.0,0.0,0.0,0.5,0.0,0.0,53.3587073998281,0.0,0.0,0.0,-8.188532850549151,-0.31220426463148643,-1.031316284
0.0,0.0,0.0,0.6143783788865097,0.6143783788865097,0.6143781694233812,6.884387409288981,6.884388533221433,6.884388533221433,0.0,0.0,0.0,0.0,0.0,0.0,0.0,0.5,0.5,0.5,53.3587073998281,0.0,0.0,0.0,-8.188532850549151,-0.31220426463148643,-0.2704987312000001
0.0,0.0,0.0,0.6551027921791205,0.0,0.0,0.0,0.0,0.0,0.0,0.0,0.0,8.25964168554262,8.25964168554262,0.0,0.0,0.5,0.5,0.0,0.0,0.0,73.51669471981023,0.0,3.69514157022003,1.5946953873150709,0.12638870119999995
0.0,0.0,0.0,0.6551027921791205,0.0,0.0,0.0,0.0,0.0,0.0,0.0,0.0,8.25964168554262,8.25964168554262,0.0,0.0,0.5,0.5,0.0,0.0,0.0,73.51669471981023,0.0,1.1359869468345085,-2.9459572529222293,0.36105529159999994
0.0,0.0,0.0,0.6551027921791205,0.0,0.0,0.0,0.0,0.0,0.0,0.0,0.0,8.25964168554262,8.25964168554262,0.0,0.0,0.5,0.5,0.0,0.0,0.0,73.51669471981023,0.0,2.7759342507794424,0.06990301810253655,0.21766184640000005
0.0,0.0,0.0,0.6551027921791205,0.0,0.0,0.0,0.0,0.0,0.0,0.0,0.0,8.25964168554262,8.25964168554262,0.0,0.0,0.5,0.5,0.0,0.0,0.0,73.51669471981023,0.0,2.9042451065399937,0.008660606783562619,0.27978600800000003
0.0,0.0,0.0,0.6551027921791205,0.0,0.0,0.0,0.0,0.0,0.0,0.0,0.0,8.25964168554262,8.25964168554262,0.0,0.0,0.5,0.5,0.0,0.0,0.0,73.51669471981023,0.0,1.1881304935015966,-2.810596182360844,0.4116430457
0.0,0.0,0.0,0.6551027921791205,0.0,0.0,0.0,0.0,0.0,0.0,0.0,0.0,8.25964168554262,8.25964168554262,0.0,0.0,0.5,0.5,0.0,0.0,0.0,73.51669471981023,0.0,1.7251004222642743,-1.4706905677787936,0.057424683099999985
0.0,0.0,0.0,0.6551027921791205,0.0,0.0,0.0,0.0,0.0,0.0,0.0,0.0,8.25964168554262,8.25964168554262,0.0,0.0,0.5,0.5,0.0,0.0,0.0,73.51669471981023,0.0,3.715245557820309,1.2842548935852436,0.2369428893
0.0,0.0,0.0,0.6551027921791205,0.0,0.0,0.0,0.0,0.0,0.0,0.0,0.0,8.25964168554262,8.25964168554262,0.0,0.0,0.5,0.5,0.0,0.0,0.0,73.51669471981023,0.0,1.4538652203319626,-2.9017972782683827,0.5558637173000001
0.0,0.0,0.0,0.0,0.0,0.0,0.0,0.0,0.0,0.0,0.0,41.72679381748005,0.0,0.0,0.0,36.858105199425935,0.0,0.0,0.0,0.0,0.0,73.51669471981023,0.0,-8.508130116469962,0.028210406554707468,1.5241855768000003
5.354656766501272,0.0,0.0,0.0,0.0,0.0,0.0,0.0,0.0,0.0,0.0,0.0,0.0,0.0,0.0,36.858105199425935,0.5,0.0,0.0,0.0,0.0,0.0,0.0,-8.508130116469962,0.028210406554707468,4.1291934076
0.0,0.0,0.0,0.0,0.0,0.0,0.0,0.0,0.0,0.0,49.00660976649229,0.0,0.0,0.0,0.0,0.0,0.0,0.0,0.0,53.3587073998281,0.0,73.51669471981023,0.0,-8.508130116469962,0.028210406554707468,2.5123579742
0.0,0.0,0.0,0.0,0.0,0.0,6.734460233012316,0.0,0.0,0.0,0.0,0.0,0.0,0.0,0.0,0.0,0.5,0.0,0.0,53.3587073998281,0.0,0.0,0.0,-8.508130116469962,0.028210406554707468,0.01506856589999997
0.0,0.0,0.0,0.6143783788865097,0.6143783788865097,0.6143781694233812,6.884387409288981,6.884388533221433,6.884388533221433,0.0,0.0,0.0,0.0,0.0,0.0,0.0,0.5,0.5,0.5,53.3587073998281,0.0,0.0,0.0,-8.508130116469962,0.028210406554707468,-0.4270054843000001
5.563746626978609,5.563748663029517,5.563748663029517,0.5353718341045013,0.5353718341045013,0.5353720300236634,0.0,0.0,0.0,0.0,0.0,0.0,0.0,0.0,0.0,36.858105199425935,0.5,0.5,0.5,0.0,0.0,0.0,0.0,1.1359869468345085,-2.9459572529222293,1.4896842740999998
5.563746626978609,5.563748663029517,5.563748663029517,0.5353718341045013,0.5353718341045013,0.5353720300236634,0.0,0.0,0.0,0.0,0.0,0.0,0.0,0.0,0.0,36.858105199425935,0.5,0.5,0.5,0.0,0.0,0.0,0.0,2.7759342507794424,0.06990301810253655,2.4298970592
5.563746626978609,5.563748663029517,5.563748663029517,0.5353718341045013,0.5353718341045013,0.5353720300236634,0.0,0.0,0.0,0.0,0.0,0.0,0.0,0.0,0.0,36.858105199425935,0.5,0.5,0.5,0.0,0.0,0.0,0.0,1.7251004222642743,-1.4706905677787936,1.5156556469000002
5.563746626978609,5.563748663029517,5.563748663029517,0.5353718341045013,0.5353718341045013,0.5353720300236634,0.0,0.0,0.0,0.0,0.0,0.0,0.0,0.0,0.0,36.858105199425935,0.5,0.5,0.5,0.0,0.0,0.0,0.0,3.715245557820309,1.2842548935852436,2.2978134866
5.563746626978609,5.563748663029517,5.563748663029517,0.5353718341045013,0.5353718341045013,0.5353720300236634,0.0,0.0,0.0,0.0,0.0,0.0,0.0,0.0,0.0,36.858105199425935,0.5,0.5,0.5,0.0,0.0,0.0,0.0,1.4538652203319626,-2.9017972782683827,1.4138427117
0.0,0.0,0.0,0.0,0.0,0.0,0.0,0.0,0.0,0.0,0.0,0.0,8.171019436812482,0.0,0.0,0.0,0.5,0.0,0.0,0.0,0.0,73.51669471981023,0.0,3.715245557820309,1.2842548935852436,1.6994633996
0.0,0.0,0.0,0.0,0.0,0.0,0.0,0.0,0.0,0.0,0.0,41.72679381748005,0.0,0.0,0.0,36.858105199425935,0.0,0.0,0.0,0.0,0.0,73.51669471981023,0.0,3.715245557820309,1.2842548935852436,1.7527969092999998
5.354656766501272,0.0,0.0,0.0,0.0,0.0,0.0,0.0,0.0,0.0,0.0,0.0,0.0,0.0,0.0,36.858105199425935,0.5,0.0,0.0,0.0,0.0,0.0,0.0,3.715245557820309,1.2842548935852436,5.9146471304
0.0,0.0,0.0,0.0,0.0,0.0,0.0,0.0,0.0,0.0,49.00660976649229,0.0,0.0,0.0,0.0,0.0,0.0,0.0,0.0,53.3587073998281,0.0,73.51669471981023,0.0,3.715245557820309,1.2842548935852436,3.649191358
0.0,0.0,0.0,0.0,0.0,0.0,6.734460233012316,0.0,0.0,0.0,0.0,0.0,0.0,0.0,0.0,0.0,0.5,0.0,0.0,53.3587073998281,0.0,0.0,0.0,3.715245557820309,1.2842548935852436,3.8824317779
0.0,0.0,0.0,0.0,0.0,0.0,6.734460233012316,0.0,0.0,0.0,0.0,0.0,0.0,0.0,0.0,0.0,0.5,0.0,0.0,53.3587073998281,0.0,0.0,0.0,-8.337927294919677,0.14460562232940655,0.7408999999999999
0.0,0.0,0.0,0.0,0.0,0.0,6.734460233012316,0.0,0.0,0.0,0.0,0.0,0.0,0.0,0.0,0.0,0.5,0.0,0.0,53.3587073998281,0.0,0.0,0.0,-8.024719485937123,0.05413800386885689,-0.9435819809
0.0,0.0,0.0,0.0,0.0,0.0,6.734460233012316,0.0,0.0,0.0,0.0,0.0,0.0,0.0,0.0,0.0,0.5,0.0,0.0,53.3587073998281,0.0,0.0,0.0,-6.817430544080151,1.549220124689161,0.5650484335
0.0,0.0,0.0,0.0,0.0,0.0,6.734460233012316,0.0,0.0,0.0,0.0,0.0,0.0,0.0,0.0,0.0,0.5,0.0,0.0,53.3587073998281,0.0,0.0,0.0,-7.826843241606472,0.7387527407483405,-0.4313862253
0.0,0.0,0.0,0.0,0.0,0.0,6.734460233012316,0.0,0.0,0.0,0.0,0.0,0.0,0.0,0.0,0.0,0.5,0.0,0.0,53.3587073998281,0.0,0.0,0.0,-1.854946087786983,8.561331949006567,1.4690599935
0.0,0.0,0.0,0.0,0.0,0.0,0.0,0.0,0.0,0.0,0.0,0.0,8.171019436812482,0.0,0.0,0.0,0.5,0.0,0.0,0.0,0.0,73.51669471981023,0.0,2.7759342507794424,0.06990301810253655,0.6176742104
0.0,0.0,0.0,0.0,0.0,0.0,0.0,0.0,0.0,0.0,0.0,41.72679381748005,0.0,0.0,0.0,36.858105199425935,0.0,0.0,0.0,0.0,0.0,73.51669471981023,0.0,2.7759342507794424,0.06990301810253655,1.7010977056
5.354656766501272,0.0,0.0,0.0,0.0,0.0,0.0,0.0,0.0,0.0,0.0,0.0,0.0,0.0,0.0,36.858105199425935,0.5,0.0,0.0,0.0,0.0,0.0,0.0,2.7759342507794424,0.06990301810253655,5.098206197
0.0,0.0,0.0,0.0,0.0,0.0,0.0,0.0,0.0,0.0,49.00660976649229,0.0,0.0,0.0,0.0,0.0,0.0,0.0,0.0,53.3587073998281,0.0,73.51669471981023,0.0,2.7759342507794424,0.06990301810253655,3.7155866204000003
0.0,0.0,0.0,0.0,0.0,0.0,6.734460233012316,0.0,0.0,0.0,0.0,0.0,0.0,0.0,0.0,0.0,0.5,0.0,0.0,53.3587073998281,0.0,0.0,0.0,2.7759342507794424,0.06990301810253655,3.0244404032000003
5.354656766501272,0.0,0.0,0.0,0.0,0.0,0.0,0.0,0.0,0.0,0.0,0.0,0.0,0.0,0.0,36.858105199425935,0.5,0.0,0.0,0.0,0.0,0.0,0.0,-8.337927294919677,0.14460562232940655,3.6412111687
5.354656766501272,0.0,0.0,0.0,0.0,0.0,0.0,0.0,0.0,0.0,0.0,0.0,0.0,0.0,0.0,36.858105199425935,0.5,0.0,0.0,0.0,0.0,0.0,0.0,-8.024719485937123,0.05413800386885689,2.9867600845999998
5.354656766501272,0.0,0.0,0.0,0.0,0.0,0.0,0.0,0.0,0.0,0.0,0.0,0.0,0.0,0.0,36.858105199425935,0.5,0.0,0.0,0.0,0.0,0.0,0.0,-6.817430544080151,1.549220124689161,3.7306487692
5.354656766501272,0.0,0.0,0.0,0.0,0.0,0.0,0.0,0.0,0.0,0.0,0.0,0.0,0.0,0.0,36.858105199425935,0.5,0.0,0.0,0.0,0.0,0.0,0.0,-7.826843241606472,0.7387527407483405,3.6170503061
5.354656766501272,0.0,0.0,0.0,0.0,0.0,0.0,0.0,0.0,0.0,0.0,0.0,0.0,0.0,0.0,36.858105199425935,0.5,0.0,0.0,0.0,0.0,0.0,0.0,-1.854946087786983,8.561331949006567,4.5931098879
0.0,0.0,0.0,0.0,0.0,0.0,0.0,0.0,0.0,0.0,0.0,0.0,0.0,0.0,0.0,0.0,0.0,0.0,0.0,0.0,0.0,73.51669471981023,0.0,7.315028421036898,0.9582252312627971,4.2588188532
0.0,0.0,0.0,0.0,0.0,0.0,0.0,0.0,0.0,0.0,0.0,0.0,8.171019436812482,0.0,0.0,0.0,0.5,0.0,0.0,0.0,0.0,73.51669471981023,0.0,7.315028421036898,0.9582252312627971,1.9852885032
0.0,0.0,0.0,0.6551027921791205,0.0,0.0,0.0,0.0,0.0,0.0,0.0,0.0,8.25964168554262,8.25964168554262,0.0,0.0,0.5,0.5,0.0,0.0,0.0,73.51669471981023,0.0,7.315028421036898,0.9582252312627971,0.109485118
0.0,0.0,0.0,0.0,0.0,0.0,0.0,0.0,0.0,0.0,0.0,41.72679381748005,0.0,0.0,0.0,36.858105199425935,0.0,0.0,0.0,0.0,0.0,73.51669471981023,0.0,7.315028421036898,0.9582252312627971,1.6579853301999998
5.354656766501272,0.0,0.0,0.0,0.0,0.0,0.0,0.0,0.0,0.0,0.0,0.0,0.0,0.0,0.0,36.858105199425935,0.5,0.0,0.0,0.0,0.0,0.0,0.0,7.315028421036898,0.9582252312627971,5.6064877292999995
5.563746626978609,5.563748663029517,5.563748663029517,0.5353718341045013,0.5353718341045013,0.5353720300236634,0.0,0.0,0.0,0.0,0.0,0.0,0.0,0.0,0.0,36.858105199425935,0.5,0.5,0.5,0.0,0.0,0.0,0.0,7.315028421036898,0.9582252312627971,2.0147455778000003
0.0,0.0,0.0,0.0,0.0,0.0,6.734460233012316,0.0,0.0,0.0,0.0,0.0,0.0,0.0,0.0,0.0,0.5,0.0,0.0,53.3587073998281,0.0,0.0,0.0,7.315028421036898,0.9582252312627971,3.5648356006000004
0.0,0.0,0.0,0.6200073904880942,0.0,0.0,6.809009011088692,6.809009011088692,0.0,0.0,0.0,0.0,0.0,0.0,0.0,0.0,0.5,0.5,0.0,53.3587073998281,0.0,0.0,0.0,7.315028421036898,0.9582252312627971,1.6277792931
0.0,0.0,0.0,0.6143783788865097,0.6143783788865097,0.6143781694233812,6.884387409288981,6.884388533221433,6.884388533221433,0.0,0.0,0.0,0.0,0.0,0.0,0.0,0.5,0.5,0.5,53.3587073998281,0.0,0.0,0.0,7.315028421036898,0.9582252312627971,-0.4774410715
0.0,0.0,0.0,0.0,0.0,0.0,0.0,0.0,0.0,0.0,0.0,0.0,0.0,0.0,0.0,0.0,0.0,0.0,0.0,53.3587073998281,0.0,0.0,0.0,0.5529575378807288,10.423347312840333,5.745365255599999
0.0,0.0,0.0,0.0,0.0,0.0,0.0,0.0,0.0,0.0,0.0,0.0,0.0,0.0,0.0,0.0,0.0,0.0,0.0,53.3587073998281,0.0,0.0,0.0,-8.337927294919677,0.14460562232940655,3.926
0.0,0.0,0.0,0.0,0.0,0.0,0.0,0.0,0.0,0.0,0.0,0.0,0.0,0.0,0.0,0.0,0.0,0.0,0.0,53.3587073998281,0.0,0.0,0.0,-8.188532850549151,-0.31220426463148643,1.7412793365
0.0,0.0,0.0,0.0,0.0,0.0,0.0,0.0,0.0,0.0,0.0,0.0,0.0,0.0,0.0,0.0,0.0,0.0,0.0,53.3587073998281,0.0,0.0,0.0,-8.024719485937123,0.05413800386885689,1.8616598319
0.0,0.0,0.0,0.0,0.0,0.0,0.0,0.0,0.0,0.0,0.0,0.0,0.0,0.0,0.0,0.0,0.0,0.0,0.0,53.3587073998281,0.0,0.0,0.0,-6.817430544080151,1.549220124689161,3.1569424242000004
0.0,0.0,0.0,0.0,0.0,0.0,0.0,0.0,0.0,0.0,0.0,0.0,0.0,0.0,0.0,0.0,0.0,0.0,0.0,53.3587073998281,0.0,0.0,0.0,-8.508130116469962,0.028210406554707468,2.632054049
0.0,0.0,0.0,0.0,0.0,0.0,0.0,0.0,0.0,0.0,0.0,0.0,0.0,0.0,0.0,0.0,0.0,0.0,0.0,53.3587073998281,0.0,0.0,0.0,-1.854946087786983,8.561331949006567,4.0515172081
0.0,0.0,0.0,0.0,0.0,0.0,0.0,0.0,0.0,0.0,0.0,0.0,0.0,0.0,0.0,0.0,0.0,0.0,0.0,53.3587073998281,0.0,0.0,0.0,-8.305517210884188,0.28141815798074715,3.25577
0.0,0.0,0.0,0.0,0.0,0.0,0.0,0.0,0.0,0.0,0.0,0.0,0.0,0.0,0.0,0.0,0.0,0.0,0.0,53.3587073998281,0.0,0.0,0.0,-8.459321877711403,-0.266515905366772,1.4179121663999998
0.0,0.0,0.0,0.0,0.0,0.0,0.0,0.0,0.0,0.0,0.0,0.0,0.0,0.0,0.0,0.0,0.5,0.0,0.0,0.0,0.0,0.0,0.0,1.172649424134708,-2.5678249351436735,1.2390024906
0.0,0.0,0.0,0.0,0.0,0.0,0.0,0.0,0.0,0.0,0.0,0.0,0.0,0.0,0.0,0.0,0.0,0.0,0.0,0.0,0.0,73.51669471981023,0.0,1.172649424134708,-2.5678249351436735,2.0090676975
0.0,0.0,0.0,0.0,0.0,0.0,0.0,0.0,0.0,0.0,0.0,0.0,8.171019436812482,0.0,0.0,0.0,0.5,0.0,0.0,0.0,0.0,73.51669471981023,0.0,1.172649424134708,-2.5678249351436735,-0.606228264
0.0,0.0,0.0,0.0,0.0,0.0,0.0,0.0,0.0,0.0,0.0,0.0,0.0,0.0,0.0,36.858105199425935,0.0,0.0,0.0,0.0,0.0,0.0,0.0,1.172649424134708,-2.5678249351436735,7.2184298782
0.0,0.0,0.0,0.0,0.0,0.0,0.0,0.0,0.0,0.0,0.0,41.72679381748005,0.0,0.0,0.0,36.858105199425935,0.0,0.0,0.0,0.0,0.0,73.51669471981023,0.0,1.172649424134708,-2.5678249351436735,1.7461267158000002
5.354656766501272,0.0,0.0,0.0,0.0,0.0,0.0,0.0,0.0,0.0,0.0,0.0,0.0,0.0,0.0,36.858105199425935,0.5,0.0,0.0,0.0,0.0,0.0,0.0,1.172649424134708,-2.5678249351436735,4.64603089
5.836293438076023,5.836293438076023,0.0,0.6200073904880946,0.0,0.0,0.0,0.0,0.0,0.0,0.0,0.0,0.0,0.0,0.0,36.858105199425935,0.5,0.5,0.0,0.0,0.0,0.0,0.0,1.172649424134708,-2.5678249351436735,3.0176612683999995
5.563746626978609,5.563748663029517,5.563748663029517,0.5353718341045013,0.5353718341045013,0.5353720300236634,0.0,0.0,0.0,0.0,0.0,0.0,0.0,0.0,0.0,36.858105199425935,0.5,0.5,0.5,0.0,0.0,0.0,0.0,1.172649424134708,-2.5678249351436735,1.5461332269999999
0.0,0.0,0.0,0.0,0.0,0.0,0.0,0.0,0.0,0.0,49.00660976649229,0.0,0.0,0.0,0.0,0.0,0.0,0.0,0.0,53.3587073998281,0.0,73.51669471981023,0.0,1.172649424134708,-2.5678249351436735,3.2845213702
0.0,0.0,0.0,0.6200073904880942,0.0,0.0,6.809009011088692,6.809009011088692,0.0,0.0,0.0,0.0,0.0,0.0,0.0,0.0,0.5,0.5,0.0,53.3587073998281,0.0,0.0,0.0,1.172649424134708,-2.5678249351436735,0.5923502955
0.0,0.0,0.0,0.6143783788865097,0.6143783788865097,0.6143781694233812,6.884387409288981,6.884388533221433,6.884388533221433,0.0,0.0,0.0,0.0,0.0,0.0,0.0,0.5,0.5,0.5,53.3587073998281,0.0,0.0,0.0,1.172649424134708,-2.5678249351436735,-0.02927781269999985
0.0,0.0,0.0,0.6200073904880942,0.0,0.0,6.809009011088692,6.809009011088692,0.0,0.0,0.0,0.0,0.0,0.0,0.0,0.0,0.5,0.5,0.0,53.3587073998281,0.0,0.0,0.0,-8.463213781804141,0.30923361903144786,-0.11239411019999998
0.0,0.0,0.0,0.6200073904880942,0.0,0.0,6.809009011088692,6.809009011088692,0.0,0.0,0.0,0.0,0.0,0.0,0.0,0.0,0.5,0.5,0.0,53.3587073998281,0.0,0.0,0.0,0.5529575378807288,10.423347312840333,1.243702551
0.0,0.0,0.0,0.6200073904880942,0.0,0.0,6.809009011088692,6.809009011088692,0.0,0.0,0.0,0.0,0.0,0.0,0.0,0.0,0.5,0.5,0.0,53.3587073998281,0.0,0.0,0.0,-8.337927294919677,0.14460562232940655,-0.9165907317
0.0,0.0,0.0,0.6200073904880942,0.0,0.0,6.809009011088692,6.809009011088692,0.0,0.0,0.0,0.0,0.0,0.0,0.0,0.0,0.5,0.5,0.0,53.3587073998281,0.0,0.0,0.0,-8.024719485937123,0.05413800386885689,-0.3021103314
0.0,0.0,0.0,0.6200073904880942,0.0,0.0,6.809009011088692,6.809009011088692,0.0,0.0,0.0,0.0,0.0,0.0,0.0,0.0,0.5,0.5,0.0,53.3587073998281,0.0,0.0,0.0,-6.817430544080151,1.549220124689161,-0.055425964000000084
0.0,0.0,0.0,0.6200073904880942,0.0,0.0,6.809009011088692,6.809009011088692,0.0,0.0,0.0,0.0,0.0,0.0,0.0,0.0,0.5,0.5,0.0,53.3587073998281,0.0,0.0,0.0,-8.335822970563063,1.0731233437638354,-0.09593842660000004
0.0,0.0,0.0,0.6200073904880942,0.0,0.0,6.809009011088692,6.809009011088692,0.0,0.0,0.0,0.0,0.0,0.0,0.0,0.0,0.5,0.5,0.0,53.3587073998281,0.0,0.0,0.0,-8.508130116469962,0.028210406554707468,-0.08846985069999999
0.0,0.0,0.0,0.6200073904880942,0.0,0.0,6.809009011088692,6.809009011088692,0.0,0.0,0.0,0.0,0.0,0.0,0.0,0.0,0.5,0.5,0.0,53.3587073998281,0.0,0.0,0.0,-7.826843241606472,0.7387527407483405,-0.14791437010000005
0.0,0.0,0.0,0.6200073904880942,0.0,0.0,6.809009011088692,6.809009011088692,0.0,0.0,0.0,0.0,0.0,0.0,0.0,0.0,0.5,0.5,0.0,53.3587073998281,0.0,0.0,0.0,-8.305517210884188,0.28141815798074715,-0.03156932480000005
0.0,0.0,0.0,0.6200073904880942,0.0,0.0,6.809009011088692,6.809009011088692,0.0,0.0,0.0,0.0,0.0,0.0,0.0,0.0,0.5,0.5,0.0,53.3587073998281,0.0,0.0,0.0,-8.459321877711403,-0.266515905366772,-0.3858361237000001
0.0,0.0,0.0,0.0,0.0,0.0,0.0,0.0,0.0,0.0,0.0,0.0,0.0,0.0,0.0,0.0,0.5,0.0,0.0,0.0,0.0,0.0,0.0,7.5733382687873565,0.6018393405762316,2.8488997919
0.0,0.0,0.0,0.0,0.0,0.0,0.0,0.0,0.0,0.0,0.0,0.0,0.0,0.0,0.0,0.0,0.5,0.0,0.0,0.0,0.0,0.0,0.0,3.4629682705802542,0.7850992996914008,2.6045028145
0.0,0.0,0.0,0.6551027921791205,0.0,0.0,0.0,0.0,0.0,0.0,0.0,0.0,8.25964168554262,8.25964168554262,0.0,0.0,0.5,0.5,0.0,0.0,0.0,73.51669471981023,0.0,7.5733382687873565,0.6018393405762316,0.03616746780000008
0.0,0.0,0.0,0.0,0.0,0.0,0.0,0.0,0.0,0.0,0.0,0.0,0.0,0.0,0.0,0.0,0.0,0.0,0.0,0.0,0.0,73.51669471981023,0.0,-8.463213781804141,0.30923361903144786,-1.2728528027
